N,P,K,temperature,humidity,ph,rainfall,soil_texture,label
672.02,15.47,246.97,28.22,74.2,5.53,174.59,Sandy,yam
951.2,19.02,263.72,27.49,83.81,4.91,293.28,Sandy,oil_palm
981.85,14.55,170.26,26.52,56.04,6.62,87.1,Loamy,maize
607.57,11.06,205.76,31.04,56.71,5.37,214.33,Sandy,cassava
627.14,8.09,174.02,27.5,67.92,6.18,68.31,Loamy,maize
488.05,21.94,230.57,27.64,77.73,5.61,202.46,Loamy,yam
483.41,12.15,218.7,27.94,63.31,5.29,186.7,Loamy,cassava
379.05,9.16,40.58,34.13,46.07,6.14,80.1,Sandy,sorghum
653.39,18.2,246.09,27.42,61.05,5.91,150.41,Loamy,cassava
689.26,19.9,333.29,29.99,89.45,4.95,268.84,Clay,oil_palm
1074.64,24.37,299.6,26.58,82.84,5.26,259.95,Clay,oil_palm
755.27,13.76,119.85,22.64,57.4,5.53,70.32,Loamy,maize
710.91,21.26,142.59,27.86,64.97,6.88,89.87,Loamy,maize
1037.2,11.55,328.54,28.09,82.13,4.44,281.08,Clay,oil_palm
938.15,29.4,122.32,25.79,78.69,7.13,211.23,Clay,rice
1270.52,29.43,65.42,22.66,79.44,5.06,276.43,Loamy,rice
555.8,13.58,279.32,27.5,82.16,6.67,283.06,Loamy,cocoa
976.74,18.8,340.01,25.39,88.2,6.11,258.64,Clay,oil_palm
954.65,25.6,241.97,28.22,85.61,4.62,257.87,Clay,oil_palm
443.49,7.99,183.31,30.14,66.47,5.96,143.12,Clay,cassava
410.31,14.49,157.5,29.13,73.41,5.93,169.47,Sandy,cassava
457.89,9.74,87.98,34.9,40.78,6.97,84.88,Sandy,millet
380.28,5.33,83.11,27.74,34.88,6.51,69.47,Loamy,millet
476.18,7.14,243.36,26.06,73.45,5.64,177.91,Loamy,cassava
646.19,9.65,89.13,24.2,68.63,5.6,84.47,Sandy,maize
1173.82,25.25,108.22,23.06,81.37,6.13,251.8,Clay,rice
408.82,3.48,35.2,28.39,45.8,6.29,43.04,Loamy,millet
671.69,14.72,237.58,23.88,83.71,6.89,290.01,Sandy,cocoa
495.56,15.6,256.16,27.13,56.89,5.79,205.75,Loamy,cassava
701.2,17.19,299.08,25.22,87.39,6.11,291.11,Loamy,cocoa
414.31,9.47,256.76,26.86,66.26,5.75,165.84,Sandy,cassava
1037.97,15.75,204.87,30.98,90.07,5.07,257.53,Loamy,oil_palm
382.94,4.73,75.92,27.82,42.05,6.25,88.1,Sandy,millet
268.09,5.13,83.06,30.08,27.44,5.88,38.89,Sandy,millet
549.36,8.7,244.64,30.11,69.98,5.32,195.39,Clay,cassava
831.76,10.49,226.24,23.13,87.0,6.39,277.44,Loamy,cocoa
682.98,5.87,164.31,25.08,57.03,5.87,189.97,Loamy,cassava
1063.35,19.18,90.08,23.94,58.47,6.7,93.18,Clay,maize
309.34,18.59,267.48,31.63,65.82,5.47,145.32,Loamy,cassava
432.57,10.69,84.53,33.86,31.41,5.79,40.89,Sandy,millet
419.18,15.59,301.43,28.48,61.48,6.48,147.99,Clay,yam
1053.33,19.83,81.08,18.29,71.2,6.21,102.46,Clay,maize
782.73,16.96,225.19,27.77,64.4,6.45,208.35,Loamy,yam
355.68,12.67,193.58,25.38,79.21,6.51,146.16,Loamy,cassava
506.02,4.72,106.2,34.97,39.1,7.52,74.38,Loamy,sorghum
604.76,13.29,179.37,30.4,57.83,6.72,190.59,Loamy,cassava
532.19,5.0,287.62,28.66,71.42,6.22,155.03,Loamy,cassava
819.82,11.85,107.99,26.91,64.69,6.1,99.99,Sandy,maize
1145.59,18.76,123.39,19.88,61.55,6.42,101.49,Loamy,maize
1113.68,18.88,69.37,20.08,79.43,5.29,247.25,Loamy,rice
370.69,3.56,69.68,35.7,51.31,7.6,57.6,Loamy,millet
706.31,19.33,256.61,28.22,62.76,5.94,210.13,Loamy,yam
315.78,9.06,186.28,30.94,79.13,5.0,161.56,Sandy,cassava
1176.89,22.63,61.64,23.48,78.15,5.96,287.28,Loamy,rice
501.07,21.31,296.49,27.41,69.29,5.9,180.41,Loamy,yam
693.61,12.55,158.68,26.45,73.77,5.56,153.59,Sandy,cassava
534.53,7.08,76.53,31.99,39.5,6.47,73.61,Sandy,sorghum
462.71,14.97,215.26,26.37,73.15,6.3,186.64,Sandy,yam
379.09,8.81,52.37,32.19,36.63,5.99,67.41,Sandy,sorghum
616.2,15.31,174.86,31.89,57.65,5.64,155.02,Loamy,cassava
481.6,12.51,194.0,26.23,56.3,5.53,177.14,Loamy,cassava
1162.24,27.47,95.89,26.56,83.42,7.33,218.01,Clay,rice
861.4,14.12,91.81,21.06,83.44,5.08,258.14,Clay,rice
1037.76,12.77,108.2,26.5,66.43,6.87,94.42,Clay,maize
1092.71,13.59,81.91,20.81,82.37,5.84,190.02,Loamy,rice
298.21,7.74,48.23,30.17,44.72,6.76,65.78,Loamy,sorghum
1065.08,9.43,165.65,23.36,65.74,5.73,93.25,Clay,maize
601.37,12.39,264.15,30.03,68.04,6.62,214.25,Sandy,cassava
632.75,9.16,202.59,26.9,83.94,6.68,248.84,Clay,cocoa
619.07,11.65,286.02,26.67,85.13,6.02,242.03,Loamy,cocoa
411.5,9.31,277.21,25.18,70.17,6.48,189.56,Sandy,cassava
793.92,8.61,150.1,20.4,72.54,5.77,94.81,Clay,maize
669.68,17.22,302.44,26.02,63.97,6.16,148.36,Sandy,yam
958.74,18.31,87.06,24.85,63.63,6.14,80.94,Clay,maize
815.08,23.16,161.45,18.56,74.39,6.61,84.82,Loamy,maize
570.73,9.01,222.13,28.06,75.13,5.81,186.48,Loamy,cassava
1091.0,23.13,97.22,20.93,83.68,5.33,266.32,Loamy,rice
653.1,9.73,82.65,27.11,60.68,6.9,85.95,Loamy,maize
285.93,12.91,81.36,28.31,32.02,6.27,80.47,Sandy,sorghum
776.26,18.35,302.63,27.34,86.0,4.75,251.94,Clay,oil_palm
675.21,14.97,241.55,25.06,69.22,6.26,148.83,Loamy,yam
1060.01,19.04,116.15,26.89,78.92,5.05,261.14,Loamy,rice
702.49,23.62,348.6,28.46,85.87,6.12,296.43,Clay,oil_palm
1084.87,16.81,137.34,18.15,63.24,6.16,61.97,Loamy,maize
966.6,20.15,254.19,26.64,81.49,6.2,258.37,Loamy,cocoa
382.82,10.76,107.99,26.93,33.41,6.76,61.23,Loamy,sorghum
491.22,12.02,226.41,28.36,69.7,5.54,189.3,Loamy,yam
951.84,14.94,103.73,25.53,82.51,5.75,298.09,Clay,rice
394.71,13.58,51.01,28.24,35.35,7.55,50.37,Sandy,sorghum
480.44,4.94,67.85,31.61,36.59,5.56,51.59,Sandy,millet
517.46,18.44,261.66,23.45,80.81,6.57,233.45,Clay,cocoa
571.5,20.49,218.08,24.05,83.78,6.53,263.02,Loamy,cocoa
819.73,17.92,95.94,24.46,79.89,5.26,287.08,Loamy,rice
650.84,15.56,276.55,29.63,77.07,6.09,174.59,Loamy,cassava
339.27,8.45,83.74,33.94,53.88,6.16,48.22,Sandy,sorghum
314.64,9.0,55.53,29.54,45.62,5.73,69.82,Sandy,millet
838.7,15.81,294.42,25.97,83.29,5.89,278.42,Loamy,cocoa
488.4,13.63,105.13,31.78,30.63,5.61,87.37,Loamy,sorghum
1220.96,14.55,106.89,23.59,83.49,5.51,249.94,Loamy,rice
666.03,23.53,129.44,24.22,69.82,6.11,108.55,Loamy,maize
723.36,24.29,191.37,26.41,81.6,6.46,286.17,Loamy,cocoa
1177.47,8.52,88.48,19.39,64.25,6.58,86.97,Sandy,maize
305.49,7.54,30.44,31.6,28.13,7.25,67.75,Sandy,millet
973.98,16.54,149.67,28.0,60.16,6.18,98.55,Loamy,maize
978.16,20.13,341.19,31.59,81.13,4.71,264.21,Loamy,oil_palm
443.54,4.07,52.1,34.77,39.02,6.99,69.65,Loamy,millet
446.0,18.0,223.58,29.56,70.94,6.03,167.82,Loamy,yam
364.95,6.17,82.47,30.29,37.71,5.92,85.83,Loamy,sorghum
782.37,17.9,270.34,27.96,72.06,5.86,187.85,Loamy,yam
433.95,5.04,95.23,32.73,48.17,7.7,66.79,Sandy,sorghum
685.61,18.38,191.21,29.99,70.25,5.29,187.62,Loamy,cassava
1000.91,18.14,279.43,30.53,91.14,5.32,283.18,Clay,oil_palm
1109.98,28.01,112.22,23.88,82.63,6.61,282.86,Clay,rice
273.4,4.83,98.8,27.48,45.11,6.25,66.72,Loamy,sorghum
286.69,11.08,85.48,28.16,34.28,5.65,58.26,Sandy,millet
330.55,14.58,83.63,34.32,47.56,7.54,88.6,Sandy,sorghum
1180.35,27.36,125.19,22.91,81.89,7.15,193.32,Clay,rice
864.18,15.54,114.71,22.78,79.22,6.59,213.23,Loamy,rice
482.3,6.94,64.92,30.35,27.26,6.21,48.01,Loamy,millet
1162.55,13.4,111.06,22.79,81.08,6.53,265.23,Loamy,rice
618.47,14.54,211.65,26.17,75.88,6.91,283.61,Clay,cocoa
283.78,9.99,49.08,33.31,39.46,5.66,47.61,Loamy,sorghum
516.33,10.64,103.28,29.83,54.09,7.44,65.75,Sandy,sorghum
459.95,11.84,259.49,26.75,73.18,5.84,198.03,Loamy,yam
504.17,15.17,174.4,31.85,57.28,5.03,168.83,Loamy,cassava
454.5,12.42,260.37,26.88,73.22,6.23,198.05,Loamy,yam
682.37,14.05,184.24,26.43,71.04,6.59,181.44,Loamy,cassava
604.17,19.93,115.09,22.92,59.03,5.54,75.96,Loamy,maize
316.04,8.61,42.29,35.65,39.23,6.87,62.66,Loamy,millet
438.93,11.8,63.55,35.89,43.22,5.59,80.18,Sandy,millet
1285.52,16.54,75.78,25.51,83.56,7.2,181.49,Clay,rice
622.25,9.28,260.81,29.65,61.72,6.04,176.85,Sandy,yam
695.21,6.15,152.63,25.25,71.85,6.48,169.57,Loamy,cassava
705.86,23.34,104.71,22.98,83.33,7.43,216.47,Clay,rice
391.24,13.35,54.01,27.48,51.87,6.03,77.5,Sandy,sorghum
313.12,7.73,33.37,29.68,54.25,7.39,78.76,Loamy,millet
212.93,8.84,75.98,27.2,53.6,7.74,89.54,Sandy,millet
896.3,19.17,276.33,26.84,81.99,5.97,270.05,Loamy,cocoa
610.25,23.34,236.03,26.38,84.2,6.26,270.4,Clay,cocoa
541.62,4.87,82.89,31.2,55.7,5.93,45.01,Loamy,sorghum
743.47,12.87,212.46,27.89,71.43,6.65,209.11,Loamy,yam
407.37,4.11,62.78,28.5,54.5,7.0,45.85,Loamy,millet
504.51,5.72,215.55,30.31,59.71,6.26,212.08,Loamy,cassava
313.21,9.55,66.19,35.85,31.33,6.48,69.58,Sandy,millet
873.46,27.76,286.58,25.49,83.2,4.76,295.54,Loamy,oil_palm
886.39,22.0,211.4,26.31,78.13,6.37,284.73,Clay,cocoa
311.62,6.03,74.54,30.34,48.03,7.42,66.94,Sandy,millet
306.79,3.37,42.55,29.51,48.33,7.52,48.91,Clay,millet
705.6,22.16,258.99,24.42,83.32,5.96,247.66,Clay,cocoa
576.02,13.56,205.37,24.17,83.35,5.89,243.91,Loamy,cocoa
677.93,20.06,230.17,28.9,60.82,6.22,210.11,Loamy,yam
502.18,11.04,150.2,28.06,70.53,5.1,157.41,Sandy,cassava
423.17,7.35,39.1,34.29,38.05,7.14,54.88,Sandy,millet
1049.18,27.37,141.0,24.55,83.1,6.22,269.86,Loamy,rice
413.16,10.17,75.01,30.34,56.3,6.12,65.55,Sandy,sorghum
305.73,10.69,193.33,30.72,68.61,6.59,175.38,Loamy,cassava
425.59,10.37,186.99,29.14,71.79,6.47,151.23,Loamy,cassava
748.07,17.88,139.21,23.18,80.14,5.16,270.48,Sandy,rice
574.71,21.42,295.04,27.57,65.07,6.14,182.51,Loamy,yam
445.84,12.84,168.03,26.55,77.65,6.69,169.8,Loamy,cassava
710.16,20.87,263.05,27.09,62.08,6.52,204.4,Loamy,yam
283.01,8.43,78.33,34.68,40.08,7.62,96.35,Sandy,sorghum
270.4,8.38,75.94,29.01,58.21,7.83,64.24,Loamy,sorghum
848.26,21.34,101.87,23.22,82.87,6.89,264.44,Clay,rice
854.61,14.75,108.6,21.05,78.41,6.94,275.35,Loamy,rice
845.96,17.22,236.04,30.92,82.85,4.33,297.69,Loamy,oil_palm
913.64,15.28,165.84,19.14,60.77,5.63,105.87,Loamy,maize
1066.6,17.78,217.21,25.34,78.05,5.02,272.43,Loamy,oil_palm
653.41,16.72,275.56,31.87,80.13,6.02,283.02,Clay,oil_palm
702.31,9.93,155.78,24.96,72.9,6.31,101.75,Sandy,maize
1089.47,14.48,300.61,31.64,81.47,4.63,260.03,Clay,oil_palm
521.19,8.45,72.54,29.2,38.87,8.08,96.87,Sandy,sorghum
455.19,18.94,153.54,27.47,74.59,5.74,201.82,Sandy,cassava
1292.59,17.6,130.38,20.5,80.3,6.99,251.88,Clay,rice
1069.99,24.14,116.98,23.85,82.52,5.71,279.39,Loamy,rice
505.14,21.85,184.85,25.57,79.16,6.28,253.75,Loamy,cocoa
1290.39,17.18,132.27,21.21,83.59,7.18,285.83,Clay,rice
499.17,11.1,302.95,26.14,69.4,5.65,164.05,Loamy,yam
1132.33,18.97,155.06,22.51,70.39,6.37,72.32,Loamy,maize
1036.84,15.35,228.49,27.69,86.22,5.91,288.32,Clay,oil_palm
214.88,11.75,54.0,31.36,40.86,7.7,44.57,Sandy,millet
761.57,12.18,311.2,25.17,86.87,4.69,287.43,Sandy,oil_palm
738.53,21.71,135.59,24.34,83.89,5.16,234.04,Loamy,rice
410.09,12.88,41.67,31.23,44.26,7.98,53.4,Sandy,sorghum
907.56,22.39,71.49,25.01,81.08,6.44,187.64,Loamy,rice
396.24,6.82,40.82,32.67,44.71,5.59,60.93,Sandy,sorghum
714.99,9.76,264.34,23.41,76.81,5.89,275.46,Loamy,cocoa
721.73,16.82,268.94,25.53,87.72,6.11,292.13,Loamy,oil_palm
699.13,12.74,154.38,31.79,75.96,6.42,186.95,Loamy,cassava
670.21,15.33,309.7,27.83,89.97,6.94,276.41,Clay,cocoa
823.65,20.41,290.08,28.88,87.18,6.16,259.71,Loamy,oil_palm
272.24,9.0,85.76,28.45,33.24,6.3,85.37,Loamy,millet
612.35,14.25,123.9,19.18,55.79,5.73,89.51,Clay,maize
1026.27,24.35,249.43,28.52,82.98,5.2,295.58,Loamy,oil_palm
687.27,17.03,180.89,26.83,83.17,6.72,236.4,Loamy,cocoa
1252.51,22.34,63.91,26.74,84.21,5.14,239.31,Loamy,rice
795.2,10.73,137.55,25.26,66.42,5.67,96.9,Sandy,maize
325.83,14.83,69.05,32.45,51.58,7.37,55.92,Sandy,sorghum
297.56,10.13,54.66,27.54,51.18,7.48,82.25,Loamy,sorghum
902.14,23.35,122.1,22.21,78.65,7.18,236.25,Loamy,rice
1023.39,17.24,341.75,30.98,79.89,4.97,285.13,Clay,oil_palm
371.99,14.4,62.89,32.02,55.64,7.83,72.22,Clay,sorghum
481.42,10.63,75.39,30.5,36.73,7.55,58.66,Loamy,millet
265.15,11.37,53.2,30.99,42.32,7.62,84.16,Sandy,sorghum
651.17,20.24,284.32,27.87,85.88,6.16,291.81,Clay,oil_palm
1116.99,16.32,112.79,21.0,83.72,7.41,262.36,Clay,rice
663.4,12.44,269.11,27.97,79.2,6.0,274.9,Loamy,oil_palm
366.2,11.3,43.13,29.05,52.83,5.74,89.24,Loamy,millet
258.64,5.95,75.37,33.25,46.23,6.83,50.48,Loamy,millet
508.15,21.9,262.78,29.36,75.5,5.58,173.54,Sandy,yam
634.34,13.99,268.82,26.26,68.1,6.11,153.69,Loamy,yam
1033.3,12.62,242.94,30.0,84.3,5.4,265.5,Sandy,oil_palm
670.55,9.43,265.74,29.91,76.94,5.12,185.29,Loamy,cassava
912.55,23.04,209.54,31.45,91.9,4.94,260.26,Clay,oil_palm
351.57,11.56,98.83,26.84,34.75,6.73,82.48,Loamy,sorghum
1086.15,10.96,120.25,22.27,83.05,6.97,216.57,Sandy,rice
421.84,5.18,60.88,31.37,27.66,6.33,54.47,Loamy,millet
762.74,26.76,67.15,21.82,79.32,6.77,283.75,Loamy,rice
440.28,8.08,38.02,27.78,38.39,5.93,67.78,Sandy,millet
640.81,14.85,275.16,27.79,87.43,6.3,296.94,Loamy,cocoa
436.59,19.21,259.5,25.44,67.98,5.52,213.0,Loamy,yam
365.87,6.0,43.86,34.3,40.37,7.23,82.7,Loamy,sorghum
262.18,13.58,62.41,28.22,31.32,7.74,81.52,Sandy,sorghum
312.35,4.25,77.42,26.79,33.14,7.72,60.88,Loamy,sorghum
1145.62,22.07,68.02,20.29,83.52,5.72,282.68,Clay,rice
724.52,16.11,235.68,26.57,89.11,6.01,290.14,Clay,cocoa
808.99,10.95,292.72,29.61,79.59,4.53,296.72,Loamy,oil_palm
638.14,16.37,167.75,23.55,68.37,5.76,63.76,Loamy,maize
1121.48,20.31,95.18,24.37,84.11,6.41,205.52,Loamy,rice
285.26,7.28,49.08,28.73,30.77,7.74,40.76,Sandy,millet
415.36,11.74,293.67,25.5,57.53,5.45,155.6,Loamy,cassava
906.45,21.53,91.71,20.58,58.27,5.83,101.45,Loamy,maize
407.98,8.04,52.52,26.79,42.39,6.22,86.84,Sandy,sorghum
253.73,3.62,54.38,33.97,27.18,6.33,44.0,Sandy,millet
257.03,8.57,92.24,32.73,56.76,6.65,61.41,Sandy,sorghum
677.62,5.07,297.18,25.55,60.07,5.44,142.49,Sandy,cassava
1094.56,11.75,337.31,28.92,84.13,4.66,253.93,Loamy,oil_palm
887.62,16.09,285.35,23.47,83.49,6.07,265.31,Sandy,cocoa
663.66,8.17,305.16,27.38,70.23,6.18,170.39,Loamy,yam
1001.14,20.64,265.41,25.55,86.34,6.01,280.19,Sandy,oil_palm
630.68,18.33,221.07,30.99,65.46,5.52,199.38,Loamy,cassava
657.24,14.86,257.75,30.65,70.33,6.61,143.23,Loamy,cassava
1062.76,24.54,164.49,22.15,57.24,6.02,89.75,Sandy,maize
732.52,15.46,314.29,27.71,81.23,5.46,267.82,Loamy,oil_palm
818.18,12.87,150.62,19.28,63.78,5.65,63.27,Loamy,maize
617.21,14.93,187.18,27.16,88.62,6.28,251.85,Clay,cocoa
271.24,9.47,32.07,35.99,46.05,7.25,74.57,Loamy,millet
533.82,11.42,65.86,32.93,40.63,8.25,60.95,Sandy,sorghum
814.05,11.81,134.56,26.66,59.74,6.88,79.46,Loamy,maize
751.07,8.63,178.66,24.41,61.03,6.78,99.54,Loamy,maize
298.35,7.27,56.67,32.5,49.24,7.12,41.62,Loamy,millet
352.26,6.34,156.58,30.65,78.67,5.43,200.87,Clay,cassava
527.75,16.11,217.15,31.77,70.59,6.25,161.12,Loamy,cassava
1183.07,18.04,88.13,19.52,62.54,5.86,75.76,Loamy,maize
609.01,13.74,316.2,29.68,80.25,6.19,272.29,Loamy,oil_palm
368.88,8.37,63.29,27.97,49.23,6.74,82.25,Sandy,sorghum
988.3,29.73,79.51,24.85,83.13,6.05,207.26,Clay,rice
775.58,12.3,181.58,26.0,84.9,6.29,246.18,Loamy,cocoa
1015.84,29.54,149.47,25.16,84.2,5.5,279.53,Loamy,rice
738.48,19.35,241.07,25.33,77.24,5.85,181.4,Loamy,yam
960.37,17.81,238.41,23.65,75.85,6.95,259.85,Loamy,cocoa
523.08,16.23,188.99,25.0,61.71,5.35,212.63,Clay,cassava
524.12,14.99,86.92,32.74,59.76,6.61,59.03,Sandy,sorghum
445.89,9.44,58.92,31.22,34.47,7.17,51.71,Sandy,millet
244.55,5.9,37.82,35.63,50.75,6.06,38.7,Loamy,millet
645.36,19.21,212.22,30.0,89.46,5.16,280.78,Loamy,oil_palm
924.05,23.95,201.55,24.78,83.8,6.76,255.92,Loamy,cocoa
964.32,15.13,295.41,27.98,89.26,6.38,277.78,Clay,cocoa
294.24,9.28,82.66,29.22,36.9,7.18,67.45,Loamy,sorghum
543.51,13.1,235.32,23.51,87.3,6.6,258.52,Clay,cocoa
952.18,20.79,301.25,26.77,81.64,6.11,296.2,Loamy,cocoa
827.48,14.58,241.63,30.68,79.43,5.89,264.59,Loamy,oil_palm
364.11,7.96,87.82,31.14,42.88,6.56,72.24,Sandy,millet
702.99,21.71,311.4,31.22,82.92,5.54,273.54,Clay,oil_palm
718.39,18.97,143.43,23.63,78.54,5.95,208.74,Clay,rice
864.09,12.11,89.78,26.9,62.55,6.92,88.83,Loamy,maize
964.53,13.8,115.6,24.29,69.27,6.54,66.97,Loamy,maize
1040.52,23.45,71.56,25.39,83.6,6.31,260.49,Loamy,rice
303.55,6.67,214.31,29.93,78.79,5.6,209.15,Loamy,cassava
911.27,15.92,87.28,18.76,62.85,6.48,76.99,Loamy,maize
669.41,13.86,273.16,26.83,76.38,6.63,148.99,Loamy,yam
734.87,25.17,229.87,26.08,90.0,5.36,275.21,Clay,oil_palm
959.2,16.32,143.74,27.06,56.77,6.0,89.15,Loamy,maize
788.67,19.97,204.18,31.48,90.1,5.32,296.74,Clay,oil_palm
472.83,6.62,64.25,33.27,53.74,7.67,66.05,Loamy,millet
405.55,9.46,108.85,26.12,40.12,5.8,77.47,Loamy,sorghum
388.3,10.83,70.58,30.9,46.12,5.59,85.06,Sandy,millet
881.87,23.33,304.01,26.88,89.24,4.47,254.17,Loamy,oil_palm
716.85,27.46,276.31,25.07,85.35,4.93,256.44,Loamy,oil_palm
404.61,11.76,246.62,25.02,66.11,5.59,174.3,Loamy,yam
638.37,5.15,287.76,28.87,69.61,5.7,156.93,Loamy,cassava
712.54,17.94,239.48,28.6,72.02,6.15,207.54,Loamy,yam
633.66,5.29,287.93,31.77,70.42,5.14,171.14,Sandy,cassava
582.93,11.53,269.25,27.86,78.76,5.68,182.21,Loamy,yam
618.86,13.01,90.31,23.2,65.65,5.6,69.26,Loamy,maize
1028.08,10.98,281.86,29.53,84.79,5.57,260.51,Clay,oil_palm
880.29,8.55,194.03,24.66,81.18,6.94,258.02,Loamy,cocoa
471.45,4.14,70.83,33.23,55.9,7.14,51.92,Sandy,sorghum
835.95,14.65,281.08,30.4,81.52,5.78,277.04,Sandy,oil_palm
454.02,13.95,206.93,26.95,61.42,6.33,219.89,Loamy,yam
971.0,20.92,241.68,25.6,88.37,4.69,278.99,Clay,oil_palm
413.46,6.32,69.22,34.23,36.3,6.26,58.25,Loamy,sorghum
1292.0,29.04,117.78,26.98,81.56,7.45,257.15,Sandy,rice
721.7,11.69,229.03,26.7,79.23,6.15,159.0,Loamy,yam
239.68,6.92,63.92,29.51,34.39,7.6,74.66,Loamy,millet
697.99,25.05,276.81,30.28,87.26,6.12,262.06,Loamy,oil_palm
518.53,5.33,64.84,30.66,43.55,6.95,60.58,Sandy,sorghum
684.55,13.53,176.12,21.76,59.92,6.39,95.95,Sandy,maize
1081.32,20.69,170.54,26.11,58.21,6.1,74.86,Clay,maize
843.24,12.76,253.52,30.92,82.65,4.77,292.13,Clay,oil_palm
1178.54,12.24,81.32,20.43,82.59,5.16,254.51,Clay,rice
1099.47,18.77,82.54,25.46,67.56,5.87,91.21,Loamy,maize
733.15,20.56,235.03,27.64,81.81,5.85,249.83,Loamy,cocoa
527.73,15.76,278.55,27.78,66.52,6.47,177.42,Loamy,yam
724.07,27.27,123.79,20.08,81.04,5.99,193.79,Clay,rice
324.98,12.08,187.1,26.37,70.94,5.37,172.9,Sandy,cassava
859.18,23.38,256.43,29.31,79.81,5.97,261.55,Clay,oil_palm
452.14,20.05,303.89,29.62,70.35,5.83,154.59,Loamy,yam
224.17,8.42,77.88,31.84,35.01,6.13,78.73,Sandy,millet
569.8,10.76,291.63,26.37,71.53,5.55,194.95,Sandy,yam
464.27,3.77,51.29,34.04,38.75,6.22,75.25,Loamy,millet
546.8,8.22,71.39,31.62,37.34,5.54,72.86,Loamy,sorghum
689.88,16.2,256.98,27.73,80.07,5.92,244.68,Clay,cocoa
942.29,22.36,208.21,26.09,84.47,6.3,241.82,Loamy,cocoa
406.11,10.26,220.42,27.85,62.64,5.65,186.51,Loamy,yam
669.99,15.02,304.05,24.2,85.83,5.96,286.62,Clay,cocoa
327.13,3.67,69.88,29.02,41.36,6.04,89.79,Loamy,millet
831.53,18.08,146.19,26.69,80.49,7.19,209.03,Loamy,rice
307.45,7.35,104.39,28.01,35.81,6.82,47.87,Loamy,sorghum
910.38,24.09,96.39,21.36,79.73,5.38,271.93,Loamy,rice
343.71,11.25,296.6,29.86,65.86,5.26,204.53,Loamy,cassava
1039.2,10.46,134.06,22.24,58.54,6.44,69.07,Clay,maize
634.85,19.43,131.63,18.11,59.13,6.43,100.87,Loamy,maize
356.22,15.61,227.69,26.98,62.19,5.04,192.54,Sandy,cassava
508.02,19.86,271.92,26.36,62.91,6.58,193.92,Loamy,yam
785.44,23.46,233.07,26.45,77.94,6.52,265.96,Clay,cocoa
421.38,9.67,58.46,30.12,42.32,6.16,59.52,Sandy,millet
743.47,28.73,98.14,26.96,84.56,6.03,297.49,Loamy,rice
498.7,14.58,317.85,28.45,74.39,6.37,156.9,Loamy,yam
908.54,14.57,141.17,23.54,69.95,6.58,87.08,Loamy,maize
638.47,10.85,292.14,29.26,76.22,5.7,182.78,Loamy,yam
652.13,5.06,151.18,25.01,57.3,6.21,161.76,Sandy,cassava
684.43,13.43,340.33,30.55,81.45,6.25,253.03,Loamy,oil_palm
911.57,20.68,205.63,29.15,83.77,5.01,266.03,Loamy,oil_palm
293.09,3.01,50.6,35.46,45.44,7.6,44.18,Sandy,millet
639.32,19.75,215.16,25.78,89.45,6.95,230.45,Clay,cocoa
428.65,8.19,32.3,32.14,40.85,5.84,68.24,Loamy,millet
782.89,13.16,310.26,23.08,83.93,6.14,297.59,Loamy,cocoa
532.19,11.36,81.43,28.37,38.37,7.14,88.88,Loamy,sorghum
692.3,11.49,297.18,27.58,55.21,6.57,159.92,Sandy,cassava
1128.45,23.79,66.09,26.72,84.71,6.16,213.6,Clay,rice
977.57,17.47,135.78,25.16,80.34,7.41,184.16,Loamy,rice
1071.11,10.96,153.79,27.93,62.38,5.72,61.12,Loamy,maize
454.2,6.08,298.7,28.55,65.8,5.64,212.66,Sandy,cassava
623.33,23.07,201.87,23.67,80.71,6.05,239.61,Loamy,cocoa
912.04,23.25,84.53,18.78,68.58,6.35,105.0,Sandy,maize
312.38,17.05,277.06,26.98,56.71,6.38,204.36,Loamy,cassava
846.23,23.91,118.92,19.34,61.45,5.55,94.61,Sandy,maize
1007.31,13.77,289.44,26.55,87.6,4.5,294.12,Loamy,oil_palm
1153.12,8.16,144.24,19.63,57.55,6.6,79.16,Sandy,maize
862.3,21.7,218.53,26.49,77.27,6.52,246.73,Loamy,cocoa
973.13,11.14,84.73,23.22,81.82,5.35,280.97,Clay,rice
1084.46,21.76,159.16,23.14,73.77,6.06,94.87,Loamy,maize
464.41,10.37,56.74,32.24,58.22,5.59,58.32,Sandy,sorghum
628.27,20.6,282.98,27.83,76.26,5.71,169.59,Loamy,yam
608.07,9.37,215.26,29.15,70.1,6.59,204.45,Loamy,yam
603.31,9.59,89.44,27.7,56.6,6.0,96.63,Clay,maize
508.83,13.85,57.68,32.21,44.82,6.77,95.66,Loamy,sorghum
386.96,10.6,77.87,27.83,28.37,6.53,46.63,Sandy,millet
474.95,3.33,66.49,35.91,48.28,7.3,38.11,Loamy,millet
638.73,17.36,237.18,27.26,84.45,5.97,242.8,Clay,cocoa
635.08,18.76,289.2,27.21,74.2,5.99,201.26,Loamy,yam
330.33,4.86,88.24,26.01,34.23,8.03,81.82,Loamy,sorghum
658.77,18.42,286.42,26.56,86.33,6.8,293.65,Loamy,cocoa
858.02,18.4,234.87,23.43,89.11,6.42,234.37,Clay,cocoa
621.77,18.35,198.25,27.69,73.32,6.51,206.97,Loamy,cassava
358.77,8.05,67.8,32.42,31.48,5.98,75.68,Sandy,sorghum
660.03,14.61,195.44,28.33,64.35,5.33,200.14,Loamy,cassava
340.68,10.65,91.0,30.75,51.83,8.04,81.02,Loamy,sorghum
453.68,8.49,246.97,28.62,73.32,6.67,178.72,Loamy,cassava
797.1,21.7,285.38,25.07,80.5,5.23,250.35,Clay,oil_palm
685.04,8.5,301.49,27.25,70.8,6.32,200.32,Loamy,yam
900.72,22.3,187.08,24.48,76.9,6.01,298.36,Clay,cocoa
979.76,21.6,283.59,29.69,83.22,5.03,271.47,Clay,oil_palm
249.87,9.63,53.63,31.64,28.19,6.92,38.85,Sandy,millet
360.71,7.62,78.0,26.65,31.13,8.16,89.89,Loamy,sorghum
833.21,17.33,118.82,24.13,62.12,6.98,64.14,Loamy,maize
379.23,7.37,40.08,30.89,44.39,6.97,73.97,Loamy,millet
1056.47,23.55,117.2,20.29,65.15,5.77,73.61,Loamy,maize
640.97,21.94,247.19,25.37,85.63,4.85,250.01,Loamy,oil_palm
466.46,11.61,75.47,34.72,39.73,7.42,40.12,Loamy,millet
686.57,5.81,251.12,30.36,67.08,5.91,173.99,Loamy,cassava
263.82,14.86,55.72,31.53,36.19,7.43,98.4,Loamy,sorghum
1033.22,26.36,128.05,20.27,82.06,5.07,269.18,Clay,rice
577.01,14.67,288.93,27.66,61.77,5.46,201.15,Sandy,cassava
798.24,11.26,219.73,25.42,70.09,5.53,162.79,Loamy,yam
460.71,5.94,159.33,27.13,78.79,6.1,192.76,Sandy,cassava
419.76,15.7,245.15,30.5,56.56,6.3,200.98,Loamy,cassava
308.75,9.53,62.3,30.96,47.99,6.76,80.27,Loamy,millet
586.75,15.93,232.46,26.4,81.02,6.08,258.75,Clay,cocoa
935.33,17.63,272.33,24.38,84.61,6.81,293.91,Clay,cocoa
471.86,18.36,261.99,25.05,69.12,6.5,144.66,Loamy,yam
827.86,29.39,124.45,24.49,82.08,6.15,247.17,Clay,rice
482.73,8.13,250.25,29.16,66.33,5.52,183.32,Sandy,yam
417.85,5.22,167.78,29.93,78.32,6.54,200.54,Sandy,cassava
773.85,18.46,111.93,25.04,70.2,6.66,71.06,Loamy,maize
391.1,16.83,161.44,27.28,72.67,5.93,157.5,Sandy,cassava
747.15,23.47,124.58,22.9,84.94,5.63,259.8,Loamy,rice
422.47,8.02,82.17,34.68,32.74,7.71,69.63,Loamy,millet
351.0,3.35,81.12,30.09,46.48,6.51,85.81,Sandy,millet
527.8,15.28,266.71,26.65,87.4,6.76,239.22,Loamy,cocoa
743.07,9.78,256.5,23.3,79.74,6.47,271.16,Loamy,cocoa
201.81,4.78,48.27,33.6,40.56,7.21,51.47,Sandy,millet
1236.89,23.02,118.58,25.91,84.14,6.28,276.59,Loamy,rice
813.66,23.27,196.85,24.13,77.85,6.41,242.65,Loamy,cocoa
232.6,8.38,37.88,27.24,28.77,7.15,72.77,Sandy,millet
361.66,15.71,161.34,30.85,67.97,6.42,192.33,Loamy,cassava
378.94,8.04,42.21,28.29,50.35,6.77,49.74,Sandy,millet
839.25,9.98,292.76,23.0,89.09,6.49,284.84,Loamy,cocoa
963.56,15.31,260.23,27.45,76.29,6.49,270.94,Loamy,cocoa
718.68,15.16,84.54,25.76,83.24,6.21,243.29,Sandy,rice
1021.81,17.22,162.19,19.29,71.33,5.86,96.24,Sandy,maize
474.21,14.07,224.37,26.32,78.87,6.04,152.59,Loamy,yam
489.75,6.94,78.11,28.52,40.12,7.06,53.82,Sandy,millet
984.04,20.44,217.89,26.36,76.98,6.37,251.84,Loamy,cocoa
1117.86,21.51,91.82,26.13,71.34,5.84,76.71,Loamy,maize
873.12,11.01,297.16,31.54,85.02,6.06,280.77,Loamy,oil_palm
936.03,21.49,275.77,27.94,82.08,6.22,287.38,Loamy,oil_palm
1008.91,15.42,278.64,29.8,88.7,4.62,298.89,Loamy,oil_palm
627.87,10.34,104.77,23.23,60.05,6.46,72.89,Clay,maize
762.37,8.56,209.56,23.67,76.19,6.8,244.48,Loamy,cocoa
832.46,12.63,60.68,25.96,84.78,6.47,198.25,Clay,rice
1081.86,28.89,67.71,25.32,80.49,6.36,245.6,Clay,rice
387.16,9.49,189.84,25.27,55.3,5.12,145.5,Loamy,cassava
463.02,9.68,187.65,27.17,71.66,5.13,197.21,Loamy,cassava
403.73,9.07,236.74,28.77,65.57,6.69,161.68,Loamy,cassava
684.45,13.79,291.41,25.48,61.95,5.93,211.23,Loamy,cassava
1090.2,17.33,81.12,26.27,83.63,6.24,251.19,Clay,rice
493.72,6.75,89.28,28.5,30.41,5.79,58.87,Loamy,sorghum
856.52,24.43,122.9,24.72,66.62,7.0,66.84,Loamy,maize
922.56,15.38,228.41,27.9,82.47,6.33,292.76,Clay,cocoa
264.93,8.63,62.86,29.08,45.29,8.16,83.65,Clay,sorghum
330.16,9.95,41.58,33.0,33.1,5.86,98.56,Loamy,sorghum
1081.17,10.58,266.47,26.34,79.63,5.2,252.62,Loamy,oil_palm
335.35,7.06,51.68,34.42,54.62,5.83,97.3,Loamy,sorghum
353.53,9.74,72.05,27.49,26.55,6.14,87.01,Sandy,millet
1075.14,17.25,277.73,25.56,90.11,4.52,273.69,Loamy,oil_palm
636.45,23.02,255.1,27.84,85.52,5.44,290.1,Loamy,oil_palm
207.6,9.55,86.29,35.19,43.29,5.54,89.96,Sandy,millet
925.62,12.03,118.61,18.26,58.06,6.28,77.78,Loamy,maize
680.43,26.87,323.68,26.52,90.53,4.93,252.35,Loamy,oil_palm
308.98,4.06,84.6,32.25,49.85,6.87,35.92,Sandy,millet
539.47,19.49,305.4,23.47,75.6,5.99,291.28,Loamy,cocoa
744.97,11.1,254.5,26.6,76.67,6.31,197.32,Loamy,yam
446.99,15.29,214.83,25.38,79.06,6.31,192.1,Clay,yam
463.85,17.12,168.83,26.34,61.26,6.27,184.72,Loamy,cassava
1125.44,10.61,66.25,26.83,83.22,7.12,268.79,Clay,rice
466.11,5.93,77.0,30.84,34.09,7.44,67.13,Sandy,sorghum
460.86,9.64,88.34,28.92,32.39,7.42,94.38,Loamy,sorghum
494.24,5.75,202.21,31.65,62.67,5.54,196.7,Loamy,cassava
696.05,11.76,239.66,23.01,80.88,6.76,275.19,Loamy,cocoa
1216.07,20.14,75.12,20.85,79.49,6.4,188.36,Clay,rice
535.49,19.26,292.71,31.67,69.57,6.11,143.12,Loamy,cassava
1010.63,10.6,72.28,26.21,81.23,5.87,292.6,Loamy,rice
1015.97,10.92,301.04,29.78,82.15,4.93,297.8,Loamy,oil_palm
729.16,8.18,267.19,26.13,80.38,6.49,247.28,Clay,cocoa
360.37,7.52,49.57,31.89,51.03,7.37,80.15,Sandy,millet
542.31,19.33,271.07,28.54,75.82,6.17,168.04,Sandy,cassava
784.87,13.85,202.35,28.66,78.45,6.59,181.61,Loamy,yam
565.57,17.39,270.89,25.5,64.23,6.48,176.88,Loamy,yam
1026.64,21.27,276.43,30.77,83.69,6.04,252.42,Loamy,oil_palm
419.72,9.43,59.97,31.79,37.6,6.27,85.21,Loamy,sorghum
492.63,16.49,210.53,26.95,64.52,6.1,176.97,Sandy,yam
1123.89,23.66,140.48,20.96,83.49,5.2,225.65,Sandy,rice
726.6,25.05,321.32,27.43,82.32,4.87,274.15,Clay,oil_palm
503.44,20.44,237.57,26.1,83.82,6.68,279.35,Loamy,cocoa
719.23,17.66,81.82,21.81,72.94,5.51,106.84,Clay,maize
1062.58,8.26,114.08,24.18,57.3,5.72,78.05,Loamy,maize
515.05,19.16,241.89,26.25,79.44,6.97,275.17,Loamy,cocoa
1169.33,22.91,91.61,24.28,65.64,6.02,86.28,Clay,maize
788.13,25.33,252.83,27.26,81.25,6.12,290.3,Loamy,oil_palm
581.4,17.47,283.31,24.63,76.29,6.51,275.2,Loamy,cocoa
462.84,16.61,234.61,27.03,74.68,5.68,187.45,Sandy,cassava
495.05,12.79,203.57,31.06,64.21,5.12,191.96,Loamy,cassava
1188.9,23.18,108.6,23.84,79.04,6.36,289.29,Loamy,rice
1111.34,23.28,80.53,23.08,84.43,5.68,192.08,Clay,rice
967.74,10.67,274.13,25.22,85.08,6.05,240.27,Loamy,cocoa
830.34,16.6,336.83,26.31,78.89,6.23,270.67,Clay,oil_palm
735.48,23.88,318.38,26.16,75.82,6.69,296.67,Loamy,cocoa
380.52,6.53,293.69,29.64,61.69,5.21,190.91,Loamy,cassava
766.65,12.22,269.86,30.48,84.19,4.4,269.99,Clay,oil_palm
644.43,14.68,82.33,20.73,62.96,6.02,62.57,Loamy,maize
786.59,11.32,153.51,25.69,73.59,6.25,96.41,Loamy,maize
533.08,23.87,227.24,26.33,80.18,6.99,277.02,Loamy,cocoa
798.54,17.81,142.89,27.97,58.42,5.71,65.33,Sandy,maize
642.85,13.82,223.19,23.2,83.12,6.55,231.68,Loamy,cocoa
605.55,14.4,287.87,29.47,79.6,5.62,161.28,Loamy,yam
430.83,7.34,47.11,35.75,26.48,7.64,72.23,Loamy,millet
529.56,16.2,205.03,28.48,71.04,6.38,163.71,Loamy,yam
523.71,8.98,286.93,25.56,67.64,5.74,215.38,Loamy,yam
472.86,9.92,71.5,31.01,29.37,6.65,83.76,Sandy,millet
596.19,6.87,298.99,25.36,73.57,5.7,158.31,Loamy,cassava
973.58,19.25,200.89,24.27,87.43,6.84,282.59,Clay,cocoa
452.13,8.86,234.09,26.07,68.51,5.51,204.77,Sandy,yam
792.26,20.56,234.74,29.09,67.34,6.27,167.99,Sandy,yam
408.1,14.44,208.22,25.9,60.13,6.0,157.19,Sandy,cassava
778.75,18.62,132.54,20.18,78.85,7.39,235.11,Loamy,rice
683.7,16.38,315.2,27.33,84.57,6.07,268.54,Clay,cocoa
876.93,18.71,272.32,26.47,80.75,6.74,282.63,Loamy,cocoa
693.6,12.11,177.59,22.93,64.22,6.69,104.63,Loamy,maize
575.31,16.92,265.97,31.07,68.72,5.8,197.82,Sandy,cassava
442.48,9.36,32.42,32.54,32.25,7.04,86.49,Loamy,millet
380.19,16.51,228.22,31.45,61.47,5.61,199.85,Sandy,cassava
605.45,16.48,287.89,27.57,68.22,6.58,143.57,Loamy,yam
396.8,10.26,58.39,31.87,34.92,8.23,67.65,Loamy,sorghum
496.6,16.31,260.39,25.32,71.56,6.23,198.54,Loamy,yam
1144.54,10.88,112.0,26.77,56.27,5.81,100.33,Loamy,maize
964.57,23.85,193.35,26.64,88.08,6.22,257.55,Loamy,cocoa
363.39,9.74,36.4,31.33,51.87,7.13,49.61,Loamy,millet
1097.24,19.08,125.83,27.33,67.12,5.69,72.27,Loamy,maize
1131.52,12.4,91.28,26.31,81.93,5.16,185.78,Clay,rice
483.72,17.51,260.53,25.62,66.81,5.65,151.12,Loamy,yam
719.92,14.04,98.54,22.57,83.09,5.56,274.61,Loamy,rice
723.77,12.97,137.65,20.71,83.88,5.13,282.69,Loamy,rice
622.13,16.88,174.72,22.74,72.99,5.81,90.79,Clay,maize
517.97,8.21,247.83,27.22,60.61,6.52,203.31,Loamy,yam
588.86,18.65,218.95,26.27,61.78,5.03,192.96,Sandy,cassava
1135.54,14.11,147.25,27.04,57.49,6.79,105.77,Sandy,maize
867.84,26.56,205.63,28.32,82.49,4.74,272.34,Clay,oil_palm
718.95,19.94,77.27,23.75,81.88,6.15,297.22,Clay,rice
400.16,15.52,249.78,28.22,62.89,5.79,158.58,Sandy,yam
1024.84,20.38,107.08,19.19,68.81,6.68,78.98,Loamy,maize
326.4,16.59,203.79,31.1,66.36,6.45,144.27,Loamy,cassava
1099.73,19.89,239.34,31.17,83.99,4.98,289.63,Clay,oil_palm
450.13,15.54,299.22,25.3,61.33,6.0,193.35,Sandy,cassava
273.77,9.98,102.59,34.59,59.19,7.66,64.98,Sandy,sorghum
785.63,10.04,185.5,24.47,76.58,5.87,242.21,Loamy,cocoa
797.72,14.16,216.44,28.91,65.78,6.09,140.74,Sandy,yam
770.9,10.16,161.28,26.97,59.64,6.5,104.3,Sandy,maize
698.93,23.95,296.89,25.13,75.93,6.42,231.41,Loamy,cocoa
552.79,11.5,239.31,28.14,64.57,6.32,153.01,Loamy,yam
509.58,19.63,301.9,25.78,87.05,6.09,281.05,Loamy,cocoa
864.53,20.3,87.66,22.82,84.78,6.07,199.91,Clay,rice
766.38,10.18,204.86,28.05,64.45,6.43,155.91,Loamy,yam
599.61,20.8,311.35,29.6,78.27,6.15,161.21,Loamy,yam
750.76,11.75,318.96,24.58,84.66,6.48,290.3,Loamy,cocoa
559.22,15.27,202.29,26.48,74.68,6.64,178.07,Loamy,yam
1119.71,20.95,112.3,22.69,62.29,6.3,77.09,Loamy,maize
592.87,22.06,295.65,25.66,82.22,6.23,278.32,Clay,cocoa
769.37,19.79,312.52,31.77,87.48,4.54,262.0,Clay,oil_palm
550.49,9.14,283.52,26.58,56.92,6.35,170.62,Loamy,cassava
655.36,14.72,222.61,26.3,70.81,6.23,193.69,Loamy,cassava
477.82,6.93,88.6,31.8,34.31,5.79,55.81,Sandy,millet
778.28,17.02,333.48,30.89,85.39,5.11,251.94,Clay,oil_palm
903.67,14.31,81.03,20.77,80.29,6.63,215.07,Clay,rice
833.19,12.57,240.33,28.18,80.4,5.22,289.2,Loamy,oil_palm
729.11,13.14,237.0,25.06,82.33,6.14,291.75,Loamy,oil_palm
755.03,9.22,270.11,29.71,66.46,6.48,158.39,Loamy,yam
530.2,5.85,78.98,32.77,33.46,8.0,89.06,Sandy,sorghum
640.52,9.44,306.59,26.38,83.73,6.27,251.88,Sandy,cocoa
886.39,16.31,270.47,30.59,88.45,5.89,282.11,Loamy,oil_palm
302.64,3.96,55.16,31.54,29.0,6.64,61.1,Sandy,millet
508.49,5.52,82.23,26.28,53.08,5.9,69.85,Sandy,sorghum
724.12,19.58,307.5,27.31,68.66,5.9,215.93,Loamy,yam
563.42,12.96,208.87,26.25,64.28,5.12,167.35,Clay,cassava
562.74,21.74,292.79,24.09,86.02,6.46,251.24,Loamy,cocoa
383.34,10.57,96.74,33.57,35.9,5.61,88.08,Sandy,sorghum
785.5,22.78,114.64,25.7,80.08,5.64,263.3,Clay,rice
533.21,5.2,71.5,30.94,40.91,7.92,84.06,Loamy,sorghum
886.22,15.39,130.25,25.47,79.24,7.27,222.28,Clay,rice
669.52,18.73,108.19,26.65,72.31,6.18,89.84,Loamy,maize
630.89,18.59,117.63,19.92,73.13,5.52,103.5,Loamy,maize
908.7,17.03,220.52,27.36,75.73,6.63,251.9,Clay,cocoa
261.74,5.49,56.07,35.8,34.68,7.47,88.98,Sandy,millet
788.95,14.85,260.89,26.5,78.24,6.48,286.84,Loamy,cocoa
802.57,9.6,90.11,21.29,65.46,5.66,66.03,Clay,maize
778.03,13.78,307.58,28.38,79.94,5.26,254.68,Clay,oil_palm
638.79,8.18,221.54,26.92,69.74,5.71,159.32,Sandy,cassava
356.5,11.86,42.64,34.87,30.25,8.0,55.71,Sandy,sorghum
755.29,13.91,238.75,23.25,81.78,5.97,277.53,Loamy,cocoa
854.86,14.6,342.13,31.44,82.72,4.69,252.0,Clay,oil_palm
515.23,12.41,212.41,24.48,77.43,6.99,262.1,Loamy,cocoa
427.95,11.28,43.7,33.95,28.42,5.63,86.08,Loamy,millet
377.85,12.45,172.04,26.98,63.66,6.58,156.18,Loamy,cassava
493.36,19.49,294.09,30.46,65.2,5.4,159.47,Sandy,cassava
824.72,23.44,85.17,25.77,58.38,5.68,70.39,Clay,maize
697.54,17.59,172.1,26.61,62.43,5.29,203.7,Sandy,cassava
772.85,13.73,279.06,28.34,75.1,6.04,170.08,Loamy,yam
631.62,23.84,183.61,25.88,85.95,6.38,260.08,Clay,cocoa
664.45,13.07,261.3,25.82,87.7,5.21,282.46,Clay,oil_palm
906.56,11.13,316.69,27.24,89.3,4.47,282.17,Loamy,oil_palm
959.4,27.09,91.65,26.08,82.31,5.68,296.06,Clay,rice
570.61,23.22,240.38,27.67,87.75,6.74,271.95,Loamy,cocoa
856.26,16.53,134.95,27.5,71.84,5.73,83.71,Loamy,maize
252.79,8.74,45.93,34.44,36.01,6.06,87.81,Sandy,sorghum
875.38,14.48,296.53,24.36,77.44,6.61,295.42,Loamy,cocoa
671.76,23.99,179.05,27.54,61.47,5.52,99.97,Loamy,maize
660.67,13.77,248.23,27.6,70.56,6.11,193.68,Sandy,yam
837.97,17.82,114.93,26.83,82.21,7.01,181.51,Loamy,rice
314.37,11.34,102.28,29.07,55.6,7.21,64.77,Sandy,sorghum
441.82,5.28,59.68,31.96,56.55,5.89,48.62,Loamy,sorghum
1261.73,22.36,89.1,21.51,78.04,6.21,193.29,Clay,rice
1192.13,22.44,86.94,19.5,60.7,6.0,83.8,Sandy,maize
733.26,13.75,156.15,27.8,71.29,6.51,89.81,Loamy,maize
436.24,10.23,228.19,29.6,71.82,6.13,174.68,Loamy,cassava
771.12,8.49,237.06,25.86,66.62,6.61,186.25,Loamy,yam
346.46,19.68,159.85,28.48,78.61,6.2,204.24,Clay,cassava
534.67,7.68,70.66,32.47,42.33,7.1,85.34,Sandy,sorghum
999.78,17.66,212.73,23.14,89.54,5.95,285.91,Clay,cocoa
390.69,4.91,89.08,31.08,40.18,7.43,75.56,Sandy,millet
531.31,6.08,95.09,33.84,57.18,6.68,54.44,Loamy,sorghum
577.25,19.2,182.32,25.33,89.02,6.81,286.83,Clay,cocoa
516.56,8.63,294.42,30.68,56.69,6.49,187.77,Sandy,cassava
250.12,13.08,90.44,30.03,48.82,6.12,71.45,Loamy,sorghum
1116.21,24.66,77.62,26.95,78.58,6.43,258.52,Clay,rice
955.45,23.92,121.96,27.69,55.73,6.58,91.67,Loamy,maize
919.59,14.11,222.9,27.59,84.72,6.3,247.93,Loamy,cocoa
1206.87,20.4,83.09,21.02,82.29,5.34,217.72,Clay,rice
576.62,10.17,220.83,28.78,66.3,6.07,156.13,Loamy,yam
863.96,14.75,143.43,25.72,80.67,5.07,285.89,Clay,rice
603.89,18.81,208.14,27.87,69.96,6.29,153.18,Loamy,yam
1266.17,19.85,69.13,25.64,83.42,6.3,230.13,Clay,rice
512.49,21.95,262.37,23.72,87.21,6.2,239.67,Loamy,cocoa
395.46,4.95,97.44,29.83,40.74,6.78,68.99,Loamy,sorghum
345.16,10.25,88.98,35.96,26.53,7.05,40.51,Sandy,millet
954.22,9.14,305.72,24.71,80.94,6.45,266.27,Loamy,cocoa
1089.28,14.25,148.3,26.42,65.49,6.1,70.75,Loamy,maize
421.09,7.15,87.02,30.75,31.62,6.49,45.37,Loamy,sorghum
875.59,18.8,291.13,25.89,88.54,6.23,276.36,Clay,cocoa
895.88,12.79,148.9,20.91,79.12,6.52,258.38,Loamy,rice
706.97,20.62,134.04,20.41,84.89,6.33,236.55,Clay,rice
450.56,5.79,94.57,29.73,54.96,6.09,61.7,Loamy,sorghum
671.92,14.38,141.82,22.93,68.3,5.53,71.5,Loamy,maize
693.33,14.28,300.96,26.61,65.83,5.89,172.57,Loamy,yam
488.47,10.54,72.07,29.35,45.75,7.6,79.88,Loamy,millet
495.83,11.15,53.43,26.65,47.05,7.33,51.61,Loamy,sorghum
921.12,16.5,70.97,26.03,82.6,5.2,286.83,Loamy,rice
897.11,23.25,127.35,24.2,61.44,6.38,87.71,Loamy,maize
737.28,17.69,170.54,25.55,60.09,6.35,72.48,Clay,maize
699.1,22.96,266.09,26.01,89.32,5.5,267.28,Loamy,oil_palm
721.4,19.19,221.62,24.57,81.08,6.94,251.17,Clay,cocoa
494.38,6.54,48.58,34.05,33.69,6.12,48.4,Loamy,millet
288.71,9.9,86.76,27.42,47.31,5.86,55.52,Loamy,sorghum
500.88,15.82,285.12,28.31,69.51,5.55,145.67,Loamy,yam
675.61,22.05,211.17,26.74,88.67,6.48,251.45,Loamy,cocoa
897.96,10.79,273.95,26.37,85.34,6.0,243.74,Loamy,cocoa
873.64,18.97,175.49,23.28,67.37,6.7,81.26,Clay,maize
387.63,4.49,67.0,30.02,49.0,5.68,76.92,Sandy,millet
447.2,4.09,84.79,31.59,34.12,5.71,47.93,Loamy,millet
1036.2,10.91,272.79,28.01,83.12,4.91,251.89,Clay,oil_palm
397.83,11.09,102.63,28.71,43.25,7.47,56.4,Sandy,sorghum
458.06,10.4,229.45,30.19,55.38,5.3,165.96,Sandy,cassava
610.57,26.09,284.74,29.25,79.02,6.24,251.55,Loamy,oil_palm
633.33,17.07,238.76,25.14,74.5,5.66,207.72,Sandy,yam
359.52,7.5,268.97,28.81,69.69,5.1,160.77,Sandy,cassava
609.35,12.62,298.19,26.9,76.62,6.45,264.74,Loamy,cocoa
971.39,29.99,89.97,21.05,81.14,5.13,267.2,Clay,rice
1001.85,12.79,254.27,26.86,90.17,4.86,270.8,Clay,oil_palm
431.8,11.32,89.38,30.88,31.34,7.76,50.21,Sandy,sorghum
335.44,19.45,236.57,25.92,61.72,6.74,218.49,Loamy,cassava
496.93,10.4,239.03,25.72,71.81,5.31,219.69,Sandy,cassava
330.11,3.47,55.24,32.12,44.49,5.86,42.94,Sandy,millet
938.56,18.91,85.64,20.57,78.29,5.65,256.16,Clay,rice
859.17,8.69,95.64,20.24,71.12,6.01,98.18,Loamy,maize
298.87,11.55,98.08,29.1,33.55,8.04,62.65,Sandy,sorghum
719.17,23.91,268.32,28.56,90.51,5.25,264.91,Loamy,oil_palm
606.22,22.02,239.85,23.93,80.3,6.53,281.94,Loamy,cocoa
762.81,19.76,144.33,22.18,74.73,6.76,90.16,Loamy,maize
1223.07,27.57,110.61,26.24,82.34,5.51,191.58,Clay,rice
681.96,16.46,215.16,27.97,74.82,6.61,159.74,Loamy,yam
1095.22,25.96,68.7,21.78,82.5,7.46,215.67,Loamy,rice
987.93,11.71,262.05,30.63,81.05,4.63,262.04,Loamy,oil_palm
490.22,17.64,225.09,27.96,61.27,6.29,155.27,Sandy,cassava
805.25,25.62,282.91,28.29,91.21,4.71,263.25,Loamy,oil_palm
269.92,8.11,57.17,31.93,30.07,8.2,65.87,Sandy,sorghum
1071.88,13.88,341.1,31.69,90.65,5.57,260.41,Loamy,oil_palm
485.62,7.98,48.0,30.46,50.03,7.46,81.36,Loamy,millet
617.58,21.31,205.91,31.99,90.02,5.92,271.8,Loamy,oil_palm
833.93,17.56,235.24,25.01,77.27,6.76,246.26,Sandy,cocoa
742.34,13.51,288.62,28.98,89.3,4.83,257.61,Loamy,oil_palm
1073.09,15.61,282.75,29.07,83.71,5.14,274.35,Clay,oil_palm
912.86,11.14,251.97,27.09,83.78,6.06,281.42,Clay,cocoa
454.62,14.66,188.93,30.0,76.0,6.25,166.02,Sandy,cassava
392.84,7.75,79.0,32.21,37.28,7.44,55.64,Loamy,millet
301.23,8.99,109.68,31.59,31.7,6.38,61.79,Sandy,sorghum
491.77,9.34,75.02,26.65,39.49,7.4,65.7,Sandy,sorghum
647.99,19.46,214.92,31.31,76.65,6.6,202.24,Sandy,cassava
479.33,8.24,249.99,27.35,72.85,5.75,141.79,Sandy,cassava
1024.11,12.51,87.12,26.38,63.21,6.31,61.56,Loamy,maize
512.77,10.52,231.59,25.19,75.03,6.21,155.34,Loamy,yam
1061.64,12.82,328.49,26.29,87.92,6.22,263.98,Clay,oil_palm
884.72,13.04,183.32,26.16,80.67,5.95,295.29,Loamy,cocoa
521.67,4.27,44.29,33.93,43.19,6.14,83.69,Loamy,sorghum
472.76,11.71,57.34,29.62,35.6,7.1,45.36,Loamy,millet
980.04,22.92,143.18,21.51,61.98,6.1,95.28,Sandy,maize
490.74,14.77,151.82,28.93,55.34,6.01,192.35,Loamy,cassava
221.16,3.46,64.66,35.7,54.0,6.39,54.5,Loamy,millet
446.38,7.05,48.93,34.77,35.44,7.42,85.34,Sandy,millet
883.33,11.01,160.68,19.29,58.74,6.45,100.96,Loamy,maize
468.06,18.06,215.19,26.23,78.73,5.74,179.07,Loamy,yam
798.46,10.93,202.82,24.29,83.77,6.0,276.82,Loamy,cocoa
993.36,21.75,223.54,29.95,79.26,5.17,274.67,Loamy,oil_palm
507.8,9.8,80.98,32.74,58.32,8.08,51.98,Sandy,sorghum
359.24,11.16,109.82,28.72,37.73,7.94,76.75,Sandy,sorghum
1181.95,18.75,87.85,24.49,70.99,5.97,73.4,Clay,maize
530.91,19.35,160.96,28.6,79.43,5.9,206.03,Sandy,cassava
678.6,13.37,257.35,31.35,85.33,4.3,263.13,Loamy,oil_palm
942.43,9.31,217.54,23.06,76.2,5.87,292.79,Clay,cocoa
620.63,23.31,97.32,20.77,59.23,6.26,92.57,Loamy,maize
1108.3,28.18,140.82,26.51,83.38,5.91,253.84,Clay,rice
307.65,7.05,224.83,30.09,73.47,5.85,165.02,Loamy,cassava
530.9,10.86,235.58,25.91,75.33,6.3,253.21,Sandy,cocoa
1138.95,18.14,119.57,23.33,82.15,5.65,213.78,Clay,rice
845.16,16.07,268.73,31.41,82.49,5.15,283.87,Loamy,oil_palm
384.28,10.52,259.33,30.87,71.82,6.52,185.07,Sandy,cassava
294.83,9.86,49.93,34.3,29.69,6.82,49.58,Sandy,millet
672.54,10.74,248.95,27.59,80.94,6.29,259.92,Loamy,cocoa
577.44,15.04,266.75,28.08,68.46,6.14,144.01,Loamy,yam
289.97,11.37,56.75,27.49,25.29,5.61,36.55,Sandy,millet
407.01,11.3,46.53,27.06,52.45,5.61,46.63,Sandy,millet
581.79,13.68,231.52,27.41,72.6,5.7,199.84,Loamy,yam
577.65,10.01,278.04,26.64,68.32,5.85,162.83,Loamy,yam
532.66,8.83,62.79,33.91,47.9,6.1,88.83,Loamy,sorghum
355.69,8.44,86.71,34.5,37.88,7.41,50.33,Sandy,sorghum
1181.04,23.53,132.03,23.41,80.58,6.03,283.0,Loamy,rice
455.79,14.37,267.78,31.59,61.91,5.96,200.0,Loamy,cassava
710.04,22.2,149.6,21.75,73.42,6.35,81.81,Loamy,maize
290.66,4.46,98.3,27.33,33.69,5.68,99.35,Clay,sorghum
415.7,8.39,209.7,30.46,56.41,5.13,202.56,Loamy,cassava
486.63,8.71,35.97,31.95,38.3,7.19,40.69,Sandy,millet
615.35,13.78,228.47,28.45,68.72,6.1,180.41,Loamy,yam
896.79,22.55,237.12,29.23,88.59,5.95,290.6,Sandy,oil_palm
1167.91,10.83,126.32,22.12,81.54,7.34,200.99,Clay,rice
945.6,21.86,108.52,24.86,80.05,7.1,231.3,Loamy,rice
664.73,22.5,155.45,25.72,64.62,6.39,82.3,Clay,maize
524.81,14.16,256.19,25.63,89.32,6.95,277.24,Loamy,cocoa
775.29,16.71,146.02,18.43,62.41,5.69,104.73,Sandy,maize
477.62,5.7,220.5,31.81,70.09,6.55,195.69,Clay,cassava
333.46,5.16,54.64,27.08,48.85,5.99,58.76,Sandy,millet
566.49,20.7,206.47,27.47,65.14,6.47,200.94,Loamy,yam
760.59,20.75,280.56,28.88,77.05,6.63,206.42,Loamy,yam
456.18,4.84,81.9,34.44,33.2,7.79,88.26,Sandy,millet
259.36,6.83,54.78,27.77,44.77,7.05,53.67,Sandy,sorghum
521.48,17.34,204.85,27.33,59.48,5.55,211.13,Sandy,cassava
631.39,17.53,249.37,26.64,75.57,5.33,219.25,Loamy,cassava
307.12,8.91,86.47,29.3,35.94,6.75,51.97,Sandy,sorghum
987.96,12.44,68.6,24.87,79.15,7.25,195.15,Loamy,rice
775.11,24.73,139.58,23.54,83.93,5.62,279.12,Loamy,rice
305.07,12.37,106.25,32.78,33.21,6.98,78.24,Loamy,sorghum
289.47,5.09,79.22,33.95,42.36,5.95,51.49,Sandy,sorghum
936.77,14.29,157.64,24.72,59.85,6.94,89.51,Loamy,maize
386.9,11.75,98.58,26.35,36.69,7.96,72.48,Sandy,sorghum
644.73,19.04,99.58,27.87,58.73,5.58,88.32,Loamy,maize
991.58,25.63,289.29,30.24,84.68,5.28,296.63,Clay,oil_palm
1284.88,16.49,143.45,24.62,82.74,6.35,260.14,Loamy,rice
244.15,7.41,74.31,27.13,42.38,5.56,42.47,Sandy,millet
795.11,20.28,160.35,27.45,66.14,6.13,84.77,Sandy,maize
595.15,10.06,209.68,28.83,60.01,5.84,196.59,Loamy,cassava
652.9,14.38,241.05,27.6,90.58,6.22,256.83,Clay,oil_palm
894.17,24.51,90.71,22.52,80.08,6.84,263.51,Clay,rice
1037.4,12.15,111.9,22.69,74.65,6.88,73.11,Loamy,maize
458.16,7.71,70.68,29.86,57.04,7.14,46.34,Loamy,sorghum
575.24,16.54,273.98,25.01,79.21,5.99,238.4,Loamy,cocoa
331.06,15.16,268.13,26.1,77.38,6.17,204.35,Sandy,cassava
292.3,3.76,73.06,31.84,39.76,6.31,79.88,Loamy,millet
1280.92,29.4,76.33,24.24,84.5,6.09,202.49,Clay,rice
795.73,24.77,65.41,25.5,78.02,6.3,244.88,Clay,rice
752.72,16.16,122.56,23.15,78.07,5.29,284.54,Clay,rice
520.03,15.89,202.43,26.03,86.5,5.86,273.08,Sandy,cocoa
515.17,20.33,214.75,29.27,74.35,5.66,180.67,Loamy,yam
981.68,22.17,187.94,25.83,86.75,6.46,256.37,Clay,cocoa
711.94,19.94,112.87,22.37,74.3,5.77,88.4,Loamy,maize
324.05,8.4,34.78,27.45,50.25,6.58,49.64,Loamy,millet
660.04,20.07,227.68,25.82,75.27,6.57,172.76,Sandy,yam
924.13,20.44,317.44,30.89,85.47,4.87,261.49,Clay,oil_palm
525.12,11.85,184.01,23.35,81.22,6.6,291.58,Loamy,cocoa
246.73,10.55,30.96,35.02,26.92,7.11,64.55,Clay,millet
717.84,24.45,311.71,28.44,82.73,6.05,273.76,Sandy,oil_palm
499.9,10.69,53.15,28.36,33.91,6.44,51.99,Sandy,sorghum
759.61,16.07,230.53,29.1,83.31,6.12,291.56,Clay,oil_palm
1090.81,21.57,124.15,19.47,57.8,6.57,103.1,Loamy,maize
1082.2,19.85,109.32,21.92,71.61,5.73,69.03,Loamy,maize
937.04,20.46,217.23,26.02,87.15,6.28,271.79,Loamy,cocoa
302.55,3.33,88.74,28.26,28.2,6.04,57.96,Sandy,millet
281.84,5.48,90.74,32.62,54.05,5.61,63.43,Sandy,sorghum
717.59,19.28,138.58,26.23,62.26,6.89,62.35,Loamy,maize
257.04,9.06,49.95,27.75,32.43,6.9,48.88,Loamy,millet
956.83,24.18,225.24,31.65,90.7,6.18,265.86,Clay,oil_palm
346.21,6.16,65.7,30.99,55.18,6.89,89.88,Sandy,sorghum
243.81,9.99,41.04,31.29,36.0,7.5,69.68,Sandy,millet
405.52,9.46,48.76,26.66,59.59,7.19,66.39,Sandy,sorghum
323.41,10.97,75.41,31.05,41.43,7.28,79.59,Sandy,sorghum
749.58,17.47,169.55,22.03,74.8,5.79,92.94,Loamy,maize
226.23,4.38,52.62,33.39,47.19,5.63,72.55,Sandy,millet
517.21,9.7,251.94,27.12,71.9,6.32,195.57,Sandy,cassava
748.98,27.42,110.2,22.63,80.74,5.41,284.73,Loamy,rice
257.6,3.79,48.06,31.82,31.52,6.87,56.06,Loamy,millet
787.03,20.34,143.51,23.84,66.87,6.9,66.84,Loamy,maize
436.98,7.01,245.39,25.26,61.61,5.71,159.32,Loamy,cassava
649.62,25.06,253.91,31.78,85.57,4.63,278.29,Sandy,oil_palm
1075.73,26.58,103.52,20.48,79.68,6.64,278.6,Sandy,rice
788.61,22.47,130.53,23.52,61.73,5.81,103.65,Loamy,maize
693.61,24.76,152.61,19.11,57.41,5.71,81.07,Clay,maize
259.77,6.84,46.92,29.74,34.62,7.74,42.91,Sandy,millet
466.71,11.03,53.44,31.43,34.51,8.24,93.04,Loamy,sorghum
1163.7,10.75,145.87,21.1,66.74,6.36,68.77,Clay,maize
1190.38,23.16,89.19,23.42,80.58,6.15,295.54,Clay,rice
661.61,13.64,251.82,29.9,79.52,6.62,207.47,Loamy,yam
545.44,11.96,292.64,27.78,68.46,5.98,219.65,Loamy,cassava
539.17,11.59,77.96,34.38,30.96,7.86,89.14,Loamy,sorghum
994.46,12.09,280.71,29.36,87.32,5.31,271.36,Loamy,oil_palm
626.14,13.0,274.73,28.91,87.27,5.13,283.35,Clay,oil_palm
216.72,8.33,72.05,35.54,47.55,7.38,71.46,Sandy,millet
570.85,6.08,265.52,25.71,69.29,5.8,157.61,Loamy,cassava
516.68,17.06,183.81,29.86,79.27,6.64,186.3,Loamy,cassava
929.45,27.67,257.83,29.88,79.25,5.09,262.07,Clay,oil_palm
311.01,6.09,205.76,29.07,63.82,5.9,140.67,Loamy,cassava
767.19,9.45,88.35,18.41,67.48,5.63,61.06,Sandy,maize
736.76,16.69,85.76,26.62,66.49,5.54,107.21,Loamy,maize
540.11,17.19,279.7,29.31,61.68,6.42,196.67,Loamy,yam
686.25,8.71,274.23,27.37,87.15,6.6,296.15,Loamy,cocoa
289.39,7.76,33.83,29.32,51.67,7.19,88.76,Sandy,millet
294.11,4.77,38.88,31.58,33.0,6.47,83.11,Sandy,millet
1181.75,18.91,130.31,24.98,56.74,6.56,90.03,Sandy,maize
339.51,8.53,65.0,32.19,44.17,6.83,70.05,Sandy,millet
1068.08,11.31,306.46,30.46,90.03,5.35,251.01,Clay,oil_palm
438.91,9.76,201.78,27.92,62.19,6.55,180.56,Sandy,cassava
512.25,11.19,257.69,25.03,66.49,5.8,184.79,Loamy,yam
898.35,21.98,117.43,19.82,69.95,6.75,75.94,Loamy,maize
836.38,17.29,312.55,24.62,79.62,6.04,290.32,Loamy,cocoa
302.78,6.06,75.62,35.04,37.33,7.01,77.94,Sandy,millet
463.03,11.87,178.52,31.53,65.84,6.14,186.14,Loamy,cassava
788.89,16.17,319.04,27.82,74.32,5.86,164.07,Loamy,yam
510.64,14.73,64.57,28.81,50.76,6.77,98.01,Sandy,sorghum
364.01,11.08,284.78,31.26,62.14,6.18,183.87,Sandy,cassava
774.74,18.05,105.02,27.63,69.97,6.73,67.01,Loamy,maize
232.96,4.5,75.09,35.7,45.79,5.92,35.93,Sandy,millet
1085.04,19.22,84.07,27.01,63.95,6.86,73.62,Loamy,maize
753.54,11.9,231.4,25.47,79.84,4.73,277.33,Loamy,oil_palm
602.22,24.49,301.58,26.32,84.87,6.62,269.52,Loamy,cocoa
872.05,27.75,324.14,30.85,81.54,4.73,291.4,Loamy,oil_palm
628.73,13.5,237.59,29.59,65.45,5.83,156.77,Loamy,yam
475.66,17.76,174.25,31.03,55.23,5.37,219.81,Loamy,cassava
767.02,16.6,224.64,30.09,88.42,6.17,268.11,Sandy,oil_palm
693.66,10.02,243.01,24.62,83.65,6.74,239.15,Loamy,cocoa
913.42,12.45,278.89,25.29,91.11,6.3,292.57,Clay,oil_palm
704.28,14.27,306.0,28.25,60.78,5.83,191.88,Loamy,yam
654.2,27.13,308.43,27.69,85.98,6.16,282.3,Loamy,oil_palm
1010.54,17.0,127.42,27.5,60.38,6.19,65.89,Clay,maize
1083.12,27.41,83.11,22.13,81.71,7.35,260.15,Clay,rice
820.09,13.54,112.05,23.37,83.13,6.81,233.65,Clay,rice
801.76,18.94,209.73,25.37,86.01,5.85,276.57,Clay,oil_palm
784.6,14.49,246.3,29.05,69.09,6.34,170.92,Loamy,yam
794.34,10.42,225.77,26.67,62.29,6.46,156.64,Loamy,yam
919.6,10.4,236.47,26.36,86.95,5.76,297.38,Clay,oil_palm
616.53,12.72,313.23,25.06,75.53,6.52,163.8,Loamy,yam
603.77,24.67,238.54,23.22,79.97,5.85,236.15,Clay,cocoa
993.19,19.73,94.22,20.61,80.45,7.5,275.19,Clay,rice
211.94,9.58,70.99,27.87,25.91,7.64,37.15,Loamy,millet
220.71,7.82,49.57,35.34,27.04,7.39,86.74,Loamy,millet
1052.96,10.33,331.0,25.06,82.24,5.86,288.34,Clay,oil_palm
1108.14,23.91,73.72,24.3,83.78,6.64,202.24,Clay,rice
247.96,7.02,66.62,29.05,42.3,5.8,70.39,Sandy,millet
438.28,16.03,205.39,29.66,70.88,5.62,165.5,Loamy,yam
465.11,6.42,86.48,35.5,54.62,5.63,85.03,Loamy,millet
601.96,11.18,208.74,25.55,89.59,5.54,297.98,Loamy,oil_palm
630.52,9.19,212.2,23.48,82.74,6.86,290.11,Loamy,cocoa
775.43,11.71,286.0,29.65,74.04,6.34,198.16,Loamy,yam
346.71,4.75,60.28,32.83,29.9,5.83,78.8,Sandy,millet
813.77,24.09,297.65,27.88,84.92,5.1,283.65,Clay,oil_palm
914.85,11.17,97.33,26.69,60.54,6.82,107.42,Sandy,maize
1116.44,19.05,168.77,27.27,70.91,6.49,102.23,Sandy,maize
602.49,9.82,267.06,31.25,72.14,5.29,201.32,Loamy,cassava
1222.58,28.62,106.72,25.61,79.42,6.67,290.17,Loamy,rice
409.58,9.9,109.25,31.34,43.94,6.38,65.57,Sandy,sorghum
654.06,10.01,231.45,26.66,79.01,5.6,206.29,Loamy,yam
1221.17,14.72,123.81,21.22,80.61,6.91,278.29,Clay,rice
1122.88,20.59,124.84,23.9,73.59,6.34,106.26,Loamy,maize
570.56,11.0,208.68,25.4,77.9,5.96,172.13,Sandy,yam
918.7,27.4,218.92,26.34,81.33,4.6,276.88,Loamy,oil_palm
223.36,6.21,52.01,27.62,54.0,5.76,84.27,Sandy,millet
1236.46,13.27,88.02,22.42,84.86,5.47,199.47,Loamy,rice
328.68,6.66,296.4,26.68,74.92,5.45,219.77,Loamy,cassava
743.63,17.05,272.64,23.07,78.76,6.16,230.97,Loamy,cocoa
323.06,9.26,271.67,27.98,64.94,5.18,165.11,Sandy,cassava
320.22,11.47,43.07,30.4,33.66,7.35,75.14,Sandy,sorghum
292.15,6.13,40.09,26.01,46.49,6.19,48.79,Loamy,sorghum
438.18,3.41,73.04,33.46,43.78,7.24,83.04,Sandy,millet
523.73,13.78,230.99,29.12,75.84,6.26,163.52,Loamy,yam
580.34,22.0,185.64,25.03,75.92,5.83,245.45,Clay,cocoa
663.78,11.51,271.04,30.72,62.82,5.15,161.17,Sandy,cassava
997.51,13.94,141.59,21.53,72.81,6.81,60.55,Sandy,maize
500.33,21.96,264.49,25.15,80.47,6.26,282.49,Sandy,cocoa
967.54,18.43,108.02,22.14,79.3,6.05,288.74,Loamy,rice
386.49,4.8,76.02,34.43,48.75,5.73,56.89,Loamy,sorghum
790.63,13.62,144.1,26.15,78.85,7.08,240.62,Loamy,rice
782.55,13.45,120.9,20.86,56.22,6.64,74.72,Loamy,maize
750.64,15.78,235.01,25.5,88.25,5.81,250.11,Loamy,cocoa
928.03,23.08,117.46,27.74,70.78,6.54,103.69,Loamy,maize
1165.96,11.47,69.62,23.52,81.02,5.4,244.9,Loamy,rice
980.75,24.51,226.82,23.52,77.15,6.02,282.17,Loamy,cocoa
719.09,17.82,290.23,24.7,81.63,6.39,292.82,Loamy,cocoa
278.37,7.41,90.01,29.82,41.61,6.14,85.18,Loamy,sorghum
448.57,7.15,68.33,28.76,41.49,7.72,74.64,Sandy,sorghum
875.86,24.05,345.18,27.56,85.77,5.65,288.56,Loamy,oil_palm
436.76,6.31,48.41,33.29,56.63,5.81,99.77,Sandy,sorghum
875.13,14.79,311.39,26.46,85.53,5.87,248.82,Loamy,cocoa
661.46,11.97,292.74,25.62,74.45,5.96,210.11,Clay,yam
1297.8,10.12,131.59,24.46,82.22,7.27,282.27,Loamy,rice
422.05,8.91,92.55,30.66,35.07,6.86,73.88,Sandy,sorghum
853.07,25.16,347.0,25.18,90.55,4.93,261.43,Sandy,oil_palm
380.21,8.66,67.56,33.54,56.07,7.85,60.83,Sandy,sorghum
762.96,29.3,68.61,20.44,81.8,5.65,280.44,Clay,rice
719.8,19.75,135.44,18.74,64.25,5.84,73.43,Loamy,maize
837.07,20.89,119.84,23.23,81.92,6.16,288.35,Clay,rice
526.44,10.99,257.19,27.88,67.56,5.87,141.81,Clay,yam
357.14,11.2,156.74,28.53,73.45,6.45,187.75,Loamy,cassava
769.32,10.48,242.87,28.68,79.72,5.84,161.15,Loamy,yam
548.26,9.74,170.14,26.57,71.21,5.41,215.13,Loamy,cassava
999.33,27.36,109.2,24.31,81.96,6.64,241.52,Loamy,rice
658.6,17.44,150.37,20.81,59.85,6.1,105.71,Sandy,maize
444.32,10.72,76.14,32.22,35.79,5.94,85.17,Sandy,millet
453.51,3.36,58.51,34.8,29.07,6.17,62.83,Sandy,millet
763.82,8.13,241.17,28.77,64.89,6.0,205.83,Loamy,yam
513.35,10.66,231.99,27.6,69.94,5.3,205.2,Sandy,cassava
587.56,9.98,292.76,27.23,78.78,6.02,231.58,Loamy,cocoa
869.83,23.72,332.25,30.18,91.07,4.94,279.29,Clay,oil_palm
407.21,19.31,249.28,28.24,74.92,6.63,155.11,Loamy,yam
405.16,11.73,51.8,32.14,44.87,7.43,80.08,Sandy,millet
639.03,23.72,81.44,22.55,65.23,5.88,109.22,Loamy,maize
540.06,9.27,61.92,31.52,56.42,7.27,54.57,Loamy,sorghum
409.0,12.56,236.22,27.77,79.24,5.9,202.17,Loamy,yam
1156.61,16.74,146.66,22.57,84.6,6.88,236.54,Sandy,rice
456.64,13.71,302.55,28.13,79.01,5.59,203.05,Loamy,yam
721.42,9.49,307.84,26.08,67.85,5.98,155.52,Loamy,yam
580.87,20.35,251.19,28.08,61.05,5.94,169.43,Loamy,yam
585.35,24.72,198.96,23.87,82.59,6.23,292.03,Loamy,cocoa
433.5,8.11,97.44,28.5,45.48,5.59,60.43,Sandy,sorghum
340.44,5.11,80.66,26.87,49.61,7.81,57.98,Sandy,sorghum
622.82,10.47,286.45,28.19,70.42,6.37,196.09,Sandy,yam
408.85,18.68,209.6,28.49,76.92,5.5,218.08,Loamy,yam
856.76,22.66,201.1,26.41,79.24,4.41,287.64,Sandy,oil_palm
797.61,11.93,230.47,24.53,87.22,6.49,265.74,Loamy,cocoa
955.71,28.25,133.17,24.2,82.62,5.3,196.89,Clay,rice
261.23,5.72,53.28,29.33,49.35,7.24,70.88,Sandy,millet
549.46,16.25,278.86,29.89,68.14,6.46,197.29,Loamy,yam
798.17,22.46,146.0,26.44,79.86,7.1,202.11,Clay,rice
752.55,22.73,250.76,26.48,89.31,5.34,280.08,Loamy,oil_palm
248.51,8.92,52.63,30.65,30.45,5.8,39.86,Loamy,millet
486.79,6.48,63.55,34.03,41.84,6.85,61.8,Sandy,sorghum
750.03,16.56,315.03,26.89,79.26,4.68,299.22,Clay,oil_palm
684.06,25.86,280.88,26.91,91.92,6.09,269.15,Loamy,oil_palm
402.73,13.35,47.9,30.5,42.95,6.81,81.48,Sandy,sorghum
555.25,14.6,252.68,25.54,68.18,6.63,165.86,Loamy,yam
713.27,18.77,62.31,21.84,80.47,6.5,198.95,Clay,rice
477.52,11.3,104.17,34.4,49.42,6.97,47.22,Loamy,sorghum
332.41,6.95,80.62,27.15,38.07,8.19,96.53,Loamy,sorghum
955.3,8.9,185.51,25.88,81.01,6.47,299.79,Loamy,cocoa
696.73,24.83,175.01,20.13,66.91,6.18,109.38,Sandy,maize
845.23,10.1,62.13,23.57,82.13,6.83,213.51,Clay,rice
401.22,13.86,87.26,31.7,54.68,5.78,53.21,Sandy,sorghum
961.34,13.13,332.37,28.65,88.44,6.16,259.34,Loamy,oil_palm
905.14,13.39,162.65,23.61,57.69,6.85,96.61,Loamy,maize
353.77,10.93,184.3,26.14,61.19,5.02,189.9,Loamy,cassava
589.08,9.73,203.55,28.47,60.36,6.24,141.15,Loamy,cassava
363.37,5.27,84.77,31.24,38.34,6.99,42.17,Sandy,millet
830.96,23.58,316.82,23.64,83.99,5.83,253.02,Clay,cocoa
579.39,10.39,296.72,27.53,65.73,6.59,161.19,Loamy,yam
523.68,13.91,43.95,29.08,47.0,8.01,74.14,Loamy,sorghum
259.01,11.58,31.26,30.64,26.83,7.39,49.14,Sandy,millet
923.61,12.99,155.24,21.48,69.62,6.92,61.7,Loamy,maize
1136.9,23.28,96.29,26.14,69.91,6.41,105.72,Clay,maize
714.75,21.57,103.13,22.12,83.16,5.55,243.96,Clay,rice
682.42,5.79,294.02,28.23,65.85,5.21,166.13,Loamy,cassava
588.3,11.12,310.42,29.09,69.63,5.98,140.07,Loamy,yam
994.96,26.11,96.99,21.51,81.22,6.94,221.75,Clay,rice
688.23,12.05,267.97,28.05,66.59,6.38,182.79,Loamy,yam
475.29,4.64,58.45,34.99,54.29,6.53,59.08,Sandy,millet
626.03,15.42,217.95,26.61,67.94,6.39,200.19,Loamy,yam
1035.79,19.78,113.5,23.69,82.45,6.16,183.98,Clay,rice
960.67,12.04,159.52,18.56,65.07,6.84,72.97,Loamy,maize
1298.27,21.85,128.84,23.13,78.69,6.96,298.02,Loamy,rice
782.77,21.89,165.55,18.45,65.65,6.38,60.92,Loamy,maize
592.64,13.34,308.11,27.12,76.88,6.3,250.17,Loamy,cocoa
314.48,7.26,42.11,27.09,32.16,6.23,78.92,Sandy,millet
1024.78,21.41,91.95,21.69,78.25,7.36,185.04,Clay,rice
424.49,19.22,152.54,31.43,70.62,5.77,165.69,Sandy,cassava
856.13,16.3,345.32,25.82,87.51,5.91,286.48,Loamy,oil_palm
461.99,6.34,62.37,28.1,57.96,6.73,95.23,Loamy,sorghum
787.99,24.88,308.22,31.17,84.43,5.83,283.34,Loamy,oil_palm
917.29,11.09,213.67,27.94,89.04,6.99,283.53,Loamy,cocoa
318.0,9.37,59.14,34.02,37.33,6.99,42.78,Loamy,millet
474.33,15.51,252.47,26.52,70.26,6.09,170.24,Loamy,yam
314.57,7.77,74.2,30.1,54.65,6.38,56.16,Sandy,sorghum
791.2,14.29,248.43,29.32,77.44,6.6,140.65,Sandy,yam
1028.56,12.13,107.97,20.69,84.97,7.02,182.16,Loamy,rice
250.64,7.91,88.2,28.84,45.63,6.28,44.28,Sandy,millet
922.62,19.27,134.35,20.5,79.03,6.59,279.76,Sandy,rice
502.74,5.4,45.19,26.71,42.0,8.22,65.06,Loamy,sorghum
550.64,14.12,234.76,31.0,59.98,6.43,202.7,Loamy,cassava
1154.96,27.34,106.72,20.25,84.7,5.22,289.81,Loamy,rice
264.12,4.68,43.27,32.1,48.44,6.26,46.22,Loamy,sorghum
609.1,13.85,289.66,25.97,88.47,5.86,292.35,Clay,cocoa
329.59,10.3,86.34,31.8,53.71,5.77,50.67,Loamy,sorghum
335.05,6.5,91.15,27.88,41.82,7.89,96.49,Sandy,sorghum
960.0,13.56,270.0,28.7,85.78,6.28,284.9,Loamy,oil_palm
486.69,11.78,64.54,29.54,38.81,6.22,84.0,Loamy,millet
751.25,10.63,205.9,27.94,72.35,5.77,197.22,Loamy,yam
587.46,11.86,216.88,29.32,69.76,6.34,158.83,Loamy,yam
805.73,15.1,260.08,23.59,76.21,6.3,243.9,Loamy,cocoa
282.2,9.93,85.95,33.48,50.31,6.97,60.06,Sandy,millet
392.03,7.58,89.09,32.91,43.67,7.69,48.49,Loamy,sorghum
534.23,10.48,84.83,26.66,46.82,7.55,92.7,Sandy,sorghum
645.73,10.02,203.93,27.25,85.53,5.92,235.71,Loamy,cocoa
719.42,12.73,324.53,26.09,79.82,5.72,273.54,Loamy,oil_palm
465.34,11.4,86.86,32.43,29.0,5.92,44.16,Sandy,millet
479.63,11.78,221.13,27.93,66.96,6.02,195.65,Sandy,yam
901.61,11.67,155.34,19.72,65.87,6.84,61.22,Clay,maize
965.74,21.09,178.6,24.68,62.68,5.94,71.65,Clay,maize
614.97,8.84,305.42,27.15,67.86,6.36,215.93,Loamy,yam
450.99,6.8,47.94,28.13,30.28,7.28,68.13,Sandy,sorghum
420.93,16.63,267.2,31.13,72.61,5.91,197.31,Sandy,cassava
529.41,10.55,291.56,30.0,77.86,6.09,219.91,Loamy,cassava
382.72,5.92,48.35,30.77,42.4,6.09,78.47,Clay,sorghum
346.2,8.0,84.14,26.44,44.87,7.09,88.73,Sandy,sorghum
749.3,8.29,313.73,25.79,67.4,6.58,146.04,Sandy,yam
466.24,6.87,43.55,35.05,53.64,6.56,52.07,Sandy,millet
898.87,12.9,316.97,24.27,78.51,6.43,273.8,Clay,cocoa
1218.61,25.47,76.3,26.46,78.9,6.82,189.53,Clay,rice
274.09,4.68,76.0,30.75,34.63,6.13,71.11,Sandy,millet
780.53,14.12,117.06,21.46,65.05,6.1,91.29,Loamy,maize
686.19,19.72,266.4,31.98,86.35,5.42,259.98,Loamy,oil_palm
266.07,9.06,67.6,27.27,43.72,7.3,53.41,Loamy,sorghum
719.52,14.97,109.52,20.95,79.38,5.17,222.94,Sandy,rice
638.74,22.84,277.28,25.61,82.82,5.23,279.34,Clay,oil_palm
998.92,18.71,100.53,25.89,78.45,6.93,215.99,Clay,rice
1136.3,11.46,116.12,24.76,82.95,6.31,299.45,Loamy,rice
656.28,15.18,210.78,26.55,74.71,6.64,164.85,Sandy,yam
631.01,8.13,268.89,30.79,57.32,5.96,145.38,Loamy,cassava
790.8,22.74,89.12,21.97,56.33,6.47,106.22,Loamy,maize
770.38,10.73,133.73,22.18,84.03,7.27,265.44,Clay,rice
828.88,25.18,294.28,26.75,78.23,4.61,265.16,Clay,oil_palm
800.49,23.85,84.67,20.13,82.31,5.17,235.24,Clay,rice
472.49,16.46,280.18,26.57,72.24,6.33,183.93,Loamy,yam
485.07,15.7,278.07,29.97,72.53,5.7,142.69,Sandy,cassava
663.32,17.21,208.96,30.33,84.43,4.34,267.53,Loamy,oil_palm
875.0,28.68,100.66,21.67,83.08,6.66,219.01,Loamy,rice
486.09,8.16,37.57,28.66,31.53,6.71,66.32,Sandy,millet
1170.43,12.07,133.14,23.58,60.57,6.91,61.33,Loamy,maize
1157.82,10.38,175.06,19.36,64.43,6.29,107.2,Loamy,maize
226.93,6.01,53.23,31.05,42.08,6.94,88.04,Loamy,millet
524.3,11.6,68.62,32.76,50.94,7.42,90.31,Sandy,sorghum
523.45,12.82,242.72,26.87,79.94,6.18,167.02,Loamy,yam
606.45,13.93,263.14,30.6,78.02,6.58,182.21,Sandy,cassava
300.44,8.72,58.11,35.66,34.51,6.06,44.61,Sandy,millet
721.22,21.48,311.97,25.83,67.1,6.55,217.65,Loamy,yam
315.6,9.22,296.13,30.31,65.11,5.19,140.43,Loamy,cassava
429.05,10.34,67.41,30.86,41.34,7.02,89.21,Loamy,millet
364.0,6.12,40.84,31.48,38.92,6.95,57.89,Loamy,millet
442.47,8.29,50.37,26.05,58.21,7.74,71.75,Sandy,sorghum
250.27,4.85,44.98,29.99,32.25,7.76,40.37,Loamy,millet
393.66,8.97,35.97,28.61,45.31,7.4,71.07,Sandy,millet
569.76,9.9,319.14,27.98,69.36,6.13,183.93,Sandy,yam
657.13,17.62,227.66,28.19,77.18,6.1,206.84,Sandy,yam
979.43,12.81,210.96,25.91,83.75,4.87,288.16,Loamy,oil_palm
317.67,11.08,82.79,28.21,30.97,6.6,73.05,Sandy,millet
340.98,14.05,103.13,29.52,46.12,8.16,45.87,Sandy,sorghum
869.53,14.03,230.55,25.7,82.15,6.63,289.23,Sandy,cocoa
340.71,7.79,79.77,29.85,33.82,6.84,57.29,Sandy,millet
546.18,22.95,201.88,27.06,89.74,6.23,265.04,Loamy,cocoa
804.16,11.55,218.01,26.96,84.03,6.18,283.2,Loamy,cocoa
551.98,19.59,286.83,28.11,71.59,5.98,168.11,Loamy,yam
913.43,17.04,191.69,24.71,83.1,6.85,270.25,Clay,cocoa
441.53,6.8,57.41,30.55,32.72,7.76,52.6,Sandy,millet
531.99,20.28,259.03,29.93,64.02,6.2,194.94,Loamy,yam
546.89,21.62,223.01,24.09,75.31,6.85,268.86,Clay,cocoa
896.28,23.78,173.08,21.58,67.21,6.12,64.58,Clay,maize
323.8,13.0,100.27,30.53,49.44,6.72,92.92,Sandy,sorghum
811.34,12.34,207.08,24.9,88.13,5.96,237.63,Loamy,cocoa
454.54,10.51,60.12,34.81,51.04,7.07,40.15,Sandy,millet
872.41,27.55,259.41,29.04,89.53,4.46,259.58,Clay,oil_palm
780.83,17.01,203.16,27.11,79.59,6.1,269.74,Loamy,oil_palm
446.27,10.59,43.94,26.22,40.78,5.65,79.6,Loamy,sorghum
820.31,26.88,114.99,24.49,83.29,6.12,197.04,Loamy,rice
604.72,16.73,235.43,27.08,64.98,5.97,211.05,Sandy,cassava
950.17,22.45,262.66,31.76,81.75,5.23,278.32,Loamy,oil_palm
626.01,16.3,348.26,28.93,88.81,5.31,277.53,Loamy,oil_palm
646.23,12.51,243.35,28.56,57.55,5.74,207.59,Loamy,cassava
666.24,17.33,308.53,28.77,80.8,6.25,268.97,Sandy,oil_palm
714.27,17.18,212.12,29.72,70.33,6.18,208.5,Loamy,yam
306.74,13.59,103.08,34.08,53.18,6.54,77.41,Loamy,sorghum
305.7,6.07,64.9,27.35,29.01,5.65,80.78,Sandy,millet
203.97,5.63,66.05,32.02,47.09,6.11,59.91,Sandy,millet
326.89,8.67,91.49,26.3,31.66,7.85,97.95,Sandy,sorghum
277.12,7.66,33.44,34.15,26.03,5.58,54.87,Loamy,millet
254.05,8.41,86.12,29.73,46.81,5.93,40.91,Clay,millet
615.25,24.38,155.09,23.2,58.09,6.25,107.51,Clay,maize
1024.1,11.63,338.12,25.59,81.35,5.17,290.97,Loamy,oil_palm
641.58,17.33,263.6,30.1,73.09,6.25,208.64,Sandy,cassava
913.78,21.92,316.46,25.74,80.09,6.1,240.76,Loamy,cocoa
501.46,13.43,290.44,25.67,77.43,6.53,210.77,Loamy,yam
401.49,8.94,289.29,26.07,66.02,6.62,160.19,Loamy,yam
377.01,4.98,58.16,26.48,32.85,7.49,57.85,Sandy,sorghum
650.58,15.74,207.91,25.89,87.79,4.41,281.91,Clay,oil_palm
1177.92,13.34,145.63,26.76,80.0,5.65,220.22,Clay,rice
1165.75,17.83,88.41,24.33,62.18,6.7,63.85,Sandy,maize
772.61,9.27,299.41,27.35,70.51,6.1,179.6,Loamy,yam
673.22,9.58,129.16,22.56,55.4,5.73,73.7,Clay,maize
446.47,11.16,92.11,29.4,33.64,6.43,62.24,Loamy,sorghum
1070.89,19.09,80.88,22.14,82.82,5.5,216.64,Loamy,rice
349.93,12.41,216.83,30.28,58.87,5.19,147.07,Clay,cassava
743.32,17.77,149.32,20.47,81.49,7.06,189.48,Clay,rice
575.09,16.08,151.36,31.63,61.21,6.13,158.56,Loamy,cassava
381.29,6.58,297.17,29.21,78.94,5.77,211.83,Loamy,cassava
878.52,19.52,245.48,25.5,87.31,6.48,290.1,Loamy,cocoa
580.04,20.23,246.93,28.62,62.15,6.37,190.61,Sandy,yam
242.36,5.95,83.95,32.45,43.61,7.07,88.9,Sandy,millet
618.74,13.96,316.33,24.47,84.73,5.92,265.0,Loamy,cocoa
768.56,20.11,174.15,18.45,57.04,6.8,74.43,Loamy,maize
709.09,9.53,163.6,27.62,72.47,5.55,87.6,Loamy,maize
453.41,14.79,306.69,25.06,65.07,6.65,184.42,Loamy,yam
734.03,18.11,191.78,25.39,86.34,6.57,244.98,Loamy,cocoa
617.68,10.81,181.38,27.75,78.62,5.4,195.92,Loamy,cassava
983.93,12.62,121.3,23.41,80.37,6.24,267.78,Loamy,rice
850.93,16.7,240.42,26.88,78.51,4.87,260.77,Clay,oil_palm
935.5,10.79,120.08,20.4,78.3,5.87,256.1,Loamy,rice
663.56,21.57,296.79,27.09,89.12,4.91,293.36,Clay,oil_palm
446.75,17.49,248.46,25.47,71.29,5.78,200.41,Clay,yam
675.63,25.19,240.24,27.59,91.46,5.84,269.17,Loamy,oil_palm
436.15,15.24,231.67,27.87,79.51,5.64,200.7,Sandy,cassava
301.65,3.11,33.51,28.53,44.32,7.22,62.32,Loamy,millet
955.3,23.36,127.97,20.59,81.62,6.98,242.57,Loamy,rice
261.79,13.2,62.44,28.54,50.42,6.85,75.96,Sandy,sorghum
591.42,11.24,247.76,23.08,82.18,6.53,249.99,Loamy,cocoa
996.98,24.46,287.32,26.63,88.6,4.56,256.32,Clay,oil_palm
736.21,25.65,125.76,22.76,80.89,5.83,193.51,Clay,rice
543.48,11.79,109.32,31.39,55.46,5.78,62.42,Loamy,sorghum
988.91,13.35,114.15,23.03,83.71,5.62,200.85,Clay,rice
970.83,14.21,124.63,23.61,83.35,6.02,204.24,Clay,rice
475.76,6.86,65.87,29.14,33.78,5.9,64.41,Sandy,millet
605.81,10.53,286.18,29.88,73.71,5.21,147.59,Sandy,cassava
236.97,4.67,68.57,29.59,31.99,5.97,49.94,Loamy,millet
782.49,17.61,240.68,29.9,64.09,6.38,163.84,Loamy,yam
655.94,14.03,216.38,24.94,77.66,6.28,252.19,Clay,cocoa
409.63,4.42,79.61,32.38,51.36,6.66,55.59,Sandy,sorghum
308.14,9.47,85.54,26.23,37.82,6.2,75.32,Sandy,sorghum
777.99,14.32,314.94,28.03,71.51,6.62,146.26,Loamy,yam
958.18,19.49,79.08,20.74,79.77,6.9,208.78,Loamy,rice
1179.38,12.39,84.6,23.84,57.14,5.77,68.58,Clay,maize
731.35,19.49,229.0,31.47,80.4,4.87,251.98,Loamy,oil_palm
807.56,8.86,187.09,27.45,80.32,6.26,295.22,Clay,cocoa
714.94,16.49,261.38,27.77,65.37,5.61,163.25,Sandy,yam
1027.95,24.22,121.26,24.06,63.51,6.5,94.73,Loamy,maize
843.69,11.5,272.63,26.76,79.04,4.31,251.02,Clay,oil_palm
995.05,9.8,269.81,26.04,89.56,6.61,247.4,Loamy,cocoa
1037.38,20.11,342.61,28.62,89.31,5.77,270.15,Loamy,oil_palm
779.63,11.88,149.21,25.14,80.81,6.4,288.86,Loamy,rice
727.4,17.11,176.26,23.83,56.64,6.62,80.47,Loamy,maize
685.61,9.43,194.97,29.06,63.35,5.88,192.93,Loamy,cassava
237.15,6.56,56.94,30.47,32.32,6.1,51.21,Sandy,millet
645.42,16.42,179.54,29.09,55.38,6.73,184.59,Sandy,cassava
749.43,24.32,118.27,21.46,80.07,5.46,232.84,Clay,rice
809.47,26.56,213.22,26.32,89.06,6.13,297.35,Clay,oil_palm
967.11,19.52,134.92,18.12,58.69,5.67,103.42,Loamy,maize
484.33,4.07,68.92,31.21,35.43,6.32,72.09,Loamy,millet
461.35,13.2,282.4,26.7,62.71,6.42,153.37,Loamy,yam
1082.76,26.4,279.51,31.31,81.26,4.48,276.83,Loamy,oil_palm
853.12,14.35,277.6,25.74,76.87,7.0,264.03,Clay,cocoa
580.93,21.26,210.06,25.58,77.78,5.87,213.95,Loamy,yam
302.88,8.55,70.6,30.01,31.75,6.85,49.83,Loamy,millet
263.16,14.68,75.55,32.86,36.94,6.22,66.17,Sandy,sorghum
811.32,19.08,107.26,25.35,79.57,6.82,282.98,Loamy,rice
512.5,8.04,51.8,27.26,46.31,6.64,60.85,Loamy,sorghum
473.25,7.67,46.97,33.24,43.95,6.84,44.01,Loamy,millet
754.93,19.76,260.35,25.82,76.73,5.89,280.41,Loamy,cocoa
425.62,20.39,230.25,25.17,67.28,5.64,175.3,Loamy,yam
624.83,19.2,318.65,26.41,83.75,6.41,286.71,Loamy,cocoa
846.52,21.15,249.36,27.56,91.02,5.56,276.68,Loamy,oil_palm
422.49,5.36,81.86,31.12,26.48,6.43,75.48,Loamy,millet
731.18,27.38,80.4,20.08,83.33,5.41,230.71,Clay,rice
683.7,8.28,151.46,27.7,59.19,6.77,84.37,Loamy,maize
984.96,22.13,225.53,27.96,75.86,6.02,295.9,Clay,cocoa
809.27,26.16,78.08,24.82,82.12,5.6,216.15,Loamy,rice
415.7,6.38,71.47,26.28,42.63,6.52,54.97,Sandy,sorghum
692.39,15.0,186.3,26.17,72.0,5.42,210.33,Sandy,cassava
846.49,27.06,345.26,30.65,83.85,5.9,267.99,Sandy,oil_palm
633.46,12.8,171.12,29.58,65.09,5.59,152.52,Loamy,cassava
644.74,12.56,204.39,30.36,88.16,4.96,270.6,Loamy,oil_palm
850.45,23.13,94.3,22.59,58.29,5.85,61.85,Clay,maize
656.82,26.71,269.79,25.04,79.06,4.47,290.84,Clay,oil_palm
468.44,19.88,249.37,29.14,70.34,5.82,209.89,Loamy,yam
982.53,8.41,97.74,20.47,60.6,6.04,81.74,Loamy,maize
541.18,6.84,262.12,27.32,59.97,5.2,189.64,Sandy,cassava
778.39,18.13,281.97,23.63,75.62,5.9,266.5,Loamy,cocoa
1137.65,21.77,158.96,25.84,58.62,5.91,74.87,Clay,maize
403.77,13.47,51.53,32.54,41.44,6.99,63.31,Loamy,sorghum
675.64,15.6,260.57,25.7,60.6,5.61,219.87,Loamy,yam
401.21,17.44,217.17,26.97,66.76,6.07,140.95,Sandy,yam
1088.24,12.17,207.17,26.68,79.38,4.44,262.52,Clay,oil_palm
434.08,11.88,316.84,27.97,75.68,5.98,195.63,Loamy,yam
